ID,Exact label,Normalized name,Value,Qualifier,Unit,Data type,Definition,Page,Section,Category (IAOOI-v0),AoO chapter,Geographic level,Geographic scope,Period,Source (quote),Confidence,Status,DQ refs,Note
IND-001,young leaders,network.young_leaders.headline,100000,at_least,person,integer,NOT SPECIFIED IN THE SOURCE DOCUMENT,v,Executive Summary,CONTEXT,—,global_network,GLOBAL,NOT SPECIFIED,"a global network of over 100,000 young leaders in more than 100 countries",H,extracted,DQC-01,
IND-002,countries,network.countries.headline,100,at_least,country,integer,NOT SPECIFIED IN THE SOURCE DOCUMENT,v,Executive Summary,CONTEXT,—,global_network,GLOBAL,NOT SPECIFIED,in more than 100 countries,H,extracted,DQC-02,
IND-003,projects implemented (2024–2025),activity.projects_implemented,1000,at_least,project,integer,NOT SPECIFIED IN THE SOURCE DOCUMENT,v,Executive Summary,ACTIVITY,—,global_network,GLOBAL,2024–2025,"1,000+ projects implemented (2024–2025)",H,extracted,DQC-03,
IND-004,beneficiaries reached worldwide,output.beneficiaries_reached.headline,21000000,at_least,person,integer,NOT SPECIFIED IN THE SOURCE DOCUMENT,v,Executive Summary,OUTPUT,—,global_network,GLOBAL,NOT SPECIFIED,21 million+ beneficiaries reached worldwide,M,extracted,,
IND-005,volunteers engaged,input.volunteers_engaged.headline,40000,at_least,person,integer,NOT SPECIFIED IN THE SOURCE DOCUMENT,v,Executive Summary,INPUT,—,global_network,GLOBAL,NOT SPECIFIED,"40,000+ volunteers engaged",H,extracted,DQC-05,
IND-006,hours of service,input.volunteer_hours.headline,435000,at_least,hour,integer,NOT SPECIFIED IN THE SOURCE DOCUMENT,v,Executive Summary,INPUT,—,global_network,GLOBAL,NOT SPECIFIED,"contributing 435,000+ hours of service",H,extracted,,
IND-007,Local Organizations mobilized across continents,input.local_organizations_mobilized,4500,at_least,local_organization,integer,NOT SPECIFIED IN THE SOURCE DOCUMENT,v,Executive Summary,INPUT,—,global_network,GLOBAL,NOT SPECIFIED,"4,500+ Local Organizations mobilized across continents",M,extracted,DQC-04,
IND-008,Projects addressing all 17 Sustainable Development Goals (SDGs),coverage.sdgs_addressed,17,exact,sdg,integer,NOT SPECIFIED IN THE SOURCE DOCUMENT,v,Executive Summary,UNCERTAIN,—,global_network,GLOBAL,NOT SPECIFIED,Projects addressing all 17 Sustainable Development Goals (SDGs),M,extracted,,"tag coverage, not a result"
IND-009,attendees participating in international events,output.event_attendees.headline,10000,at_least,person,integer,NOT SPECIFIED IN THE SOURCE DOCUMENT,v,Executive Summary,OUTPUT,—,global_network,GLOBAL,NOT SPECIFIED,"10,000+ attendees participating in international events",H,extracted,DQC-06,
IND-010,participants trained through global and regional conferences,output.people_trained.conferences,1969,exact,person,integer,NOT SPECIFIED IN THE SOURCE DOCUMENT,v (+42),Executive Summary,OUTPUT,—,event,Area Conferences + World Congress,NOT SPECIFIED,"1,969 participants trained through global and regional conferences",H,extracted,,
IND-011,leadership training sessions,activity.leadership_training_sessions,33,exact,session,integer,NOT SPECIFIED IN THE SOURCE DOCUMENT,v (+42),Executive Summary,ACTIVITY,—,event,Area Conferences + World Congress,NOT SPECIFIED,33 leadership training sessions,H,extracted,,
IND-012,skills development sessions,activity.skills_development_sessions,48,exact,session,integer,NOT SPECIFIED IN THE SOURCE DOCUMENT,v (+42),Executive Summary,ACTIVITY,—,event,Area Conferences + World Congress,NOT SPECIFIED,48 skills development sessions delivered,H,extracted,,
IND-013,members trained through sustainable leadership and global citizenship courses,output.members_trained.courses,Hundreds,exact,text_quantifier,text,NOT SPECIFIED IN THE SOURCE DOCUMENT,v,Executive Summary,OUTPUT,—,global_network,GLOBAL,NOT SPECIFIED,Hundreds of members trained through sustainable leadership and global citizenship courses,M,extracted,,non-numeric quantifier; never convert to a number
IND-014,Initiatives implemented collaboratively across … National Organizations,network.national_organizations.collaborative_initiatives,114,exact,national_organization,integer,NOT SPECIFIED IN THE SOURCE DOCUMENT,v,Executive Summary,UNCERTAIN,—,global_network,GLOBAL,NOT SPECIFIED,Initiatives implemented collaboratively across 114 National Organizations,M,extracted,,
IND-015,members engaged in cross-border exchanges and global initiatives,output.members_cross_border,Thousands,exact,text_quantifier,text,NOT SPECIFIED IN THE SOURCE DOCUMENT,v,Executive Summary,OUTPUT,—,global_network,GLOBAL,NOT SPECIFIED,Thousands of members engaged in cross-border exchanges and global initiatives,L,extracted,,
IND-016,dollars mobilized in resources,input.resources_mobilized,Millions,exact,text_quantifier,text,NOT SPECIFIED IN THE SOURCE DOCUMENT,v,Executive Summary,INPUT,—,global_network,GLOBAL,NOT SPECIFIED,Millions of dollars mobilized in resources,L,extracted,,
IND-017,followers across JCI's digital platforms,comm.followers.all_platforms.headline,260000,at_least,follower,integer,NOT SPECIFIED IN THE SOURCE DOCUMENT,v,Executive Summary,OUTPUT,—,digital_channel,all platforms,NOT SPECIFIED,"260,000+ followers across JCI's digital platforms",H,extracted,DQC-07,
IND-018,impressions,comm.impressions.headline,2000000,at_least,impression,integer,NOT SPECIFIED IN THE SOURCE DOCUMENT,v,Executive Summary,OUTPUT,—,digital_channel,NOT SPECIFIED,NOT SPECIFIED,2 million+ impressions,M,extracted,DQC-08,
IND-019,The Leader Magazine: readers,comm.leader.readers.headline,13800,approx,reader,integer,NOT SPECIFIED IN THE SOURCE DOCUMENT,v,Executive Summary,OUTPUT,—,digital_channel,The LEADER Magazine,NOT SPECIFIED,"The Leader Magazine: 13,800 readers across 70+ countries",H,extracted,DQC-09,
IND-020,The Leader Magazine: countries,comm.leader.countries,70,at_least,country,integer,NOT SPECIFIED IN THE SOURCE DOCUMENT,v,Executive Summary,OUTPUT,—,digital_channel,The LEADER Magazine,NOT SPECIFIED,"13,800 readers across 70+ countries",M,extracted,DQC-09,not supported in body (only top-10 lists p. 20)
IND-021,JCI Senators,network.senators.headline,84375,exact,person,integer,NOT SPECIFIED IN THE SOURCE DOCUMENT,v (+100),Executive Summary,CONTEXT,—,global_network,GLOBAL,NOT SPECIFIED,"84,375 JCI Senators continuing the mentorship and leadership legacy",H,extracted,,
IND-022,young leaders across four Areas,network.young_leaders.president_message,100000,at_least,person,integer,NOT SPECIFIED IN THE SOURCE DOCUMENT,vi,Message from JCI President,CONTEXT,—,global_network,GLOBAL,NOT SPECIFIED,"More than 100,000 young leaders across four Areas came together",H,extracted,DQC-01,
IND-023,"projects across more than 4,500 Local Organizations",activity.projects.sg_message,10000,at_least,project,integer,NOT SPECIFIED IN THE SOURCE DOCUMENT,vii,Message from Interim Secretary General,ACTIVITY,—,global_network,GLOBAL,NOT SPECIFIED,"over 10,000 projects across more than 4,500 Local Organizations",M,extracted,DQC-03,
IND-024,Local Organizations (SG message),network.local_organizations.sg_message,4500,at_least,local_organization,integer,NOT SPECIFIED IN THE SOURCE DOCUMENT,vii,Message from Interim Secretary General,CONTEXT,—,global_network,GLOBAL,NOT SPECIFIED,"across more than 4,500 Local Organizations",H,extracted,DQC-04,
IND-025,age of members (lower bound),network.member_age.min,18,exact,year,integer,"a global, non-profit organization of young people between 18 and 40",2,Organization Overview,CONTEXT,—,global_network,GLOBAL,NOT SPECIFIED,young people between 18 and 40,H,extracted,,
IND-026,age of members (upper bound),network.member_age.max,40,exact,year,integer,NOT SPECIFIED IN THE SOURCE DOCUMENT,2,Organization Overview,CONTEXT,—,global_network,GLOBAL,NOT SPECIFIED,young people between 18 and 40,H,extracted,,
IND-027,year founded,network.founded_year,1915,exact,year,date_year,NOT SPECIFIED IN THE SOURCE DOCUMENT,2,Organization Overview,CONTEXT,—,global_network,GLOBAL,NOT SPECIFIED,Founded in 1915 by Henry Giessenbier Jr.,H,extracted,,
IND-028,countries (overview),network.countries.overview,114,at_least,country,integer,NOT SPECIFIED IN THE SOURCE DOCUMENT,2,Organization Overview,CONTEXT,—,global_network,GLOBAL,Today (as printed),present in more than 114 countries,H,extracted,DQC-02,
IND-029,members (overview),network.members.overview,147000,at_least,person,integer,NOT SPECIFIED IN THE SOURCE DOCUMENT,2,Organization Overview,CONTEXT,—,global_network,GLOBAL,Today (as printed),"with over 147,000 members",H,extracted,DQC-01,
IND-030,Local Organizations (overview),network.local_organizations.overview,4600,approx,local_organization,integer,NOT SPECIFIED IN THE SOURCE DOCUMENT,2,Organization Overview,CONTEXT,—,global_network,GLOBAL,Today (as printed),"4,600 Local Organizations worldwide",H,extracted,DQC-04,
IND-031,partner of the United Nations since,network.un_partner_since,1954,exact,year,date_year,NOT SPECIFIED IN THE SOURCE DOCUMENT,2,Organization Overview,CONTEXT,—,global_network,GLOBAL,NOT SPECIFIED,A partner of the United Nations since 1954 with ECOSOC General Consultative Status,H,extracted,,
IND-032,survey respondents,survey.respondents,3767,exact,person,integer,NOT SPECIFIED IN THE SOURCE DOCUMENT,3,The Profile of a JCI Member,CONTEXT,—,survey_sample,2025 Membership Experience Survey,2025,"gathered the voices of 3,767 members",H,extracted,,
IND-033,average age of a JCI member,survey.average_age,32,exact,year,decimal,NOT SPECIFIED IN THE SOURCE DOCUMENT,3,The Profile of a JCI Member,CONTEXT,—,survey_sample,2025 Membership Experience Survey,2025,The average age of a JCI member is 32,H,extracted,,
IND-034,average age — Africa & the Middle East,survey.average_age.afme,29,exact,year,decimal,NOT SPECIFIED IN THE SOURCE DOCUMENT,3,The Profile of a JCI Member,CONTEXT,—,survey_sample,AFME,2025,members in Africa & the Middle East are the youngest at 29,H,extracted,,
IND-035,average age — Europe,survey.average_age.europe,36,exact,year,decimal,NOT SPECIFIED IN THE SOURCE DOCUMENT,3,The Profile of a JCI Member,CONTEXT,—,survey_sample,EUROPE,2025,Europe shows a more mature profile at 36,H,extracted,,
IND-036,members involved between 1–6 years,survey.tenure_1_6_years,Nearly half,exact,text_quantifier,text,NOT SPECIFIED IN THE SOURCE DOCUMENT,3,The Profile of a JCI Member,CONTEXT,—,survey_sample,2025 Membership Experience Survey,2025,Nearly half of members have been involved between 1–6 years,M,extracted,,
IND-037,members active for more than 7 years,survey.tenure_over_7_years,900,at_least,person,integer,NOT SPECIFIED IN THE SOURCE DOCUMENT,3,The Profile of a JCI Member,CONTEXT,—,survey_sample,2025 Membership Experience Survey,2025,a strong segment of over 900 members has remained active for more than 7 years,H,extracted,,
IND-038,male respondents,survey.gender.male,0.567,exact,ratio,percentage,NOT SPECIFIED IN THE SOURCE DOCUMENT,3,The Profile of a JCI Member,CONTEXT,—,survey_sample,2025 Membership Experience Survey,2025,56.7% male,H,extracted,,
IND-039,female respondents,survey.gender.female,0.43,exact,ratio,percentage,NOT SPECIFIED IN THE SOURCE DOCUMENT,3,The Profile of a JCI Member,CONTEXT,—,survey_sample,2025 Membership Experience Survey,2025,43% female respondents,H,extracted,,
IND-040,respondents identifying outside the binary,survey.gender.other,a small percentage,exact,text_quantifier,text,NOT SPECIFIED IN THE SOURCE DOCUMENT,3,The Profile of a JCI Member,CONTEXT,—,survey_sample,2025 Membership Experience Survey,2025,a small percentage identifying outside the binary,M,extracted,,
IND-041,employed full-time,survey.employment.full_time,1636,exact,person,integer,NOT SPECIFIED IN THE SOURCE DOCUMENT,3,The Profile of a JCI Member,CONTEXT,—,survey_sample,2025 Membership Experience Survey,2025,"employed full-time (1,636)",H,extracted,,
IND-042,entrepreneurs/self-employed,survey.employment.entrepreneur,1166,exact,person,integer,NOT SPECIFIED IN THE SOURCE DOCUMENT,3,The Profile of a JCI Member,CONTEXT,—,survey_sample,2025 Membership Experience Survey,2025,"entrepreneurs/self-employed (1,166)",H,extracted,,
IND-043,completed undergraduate studies,survey.education.undergraduate,1450,at_least,person,integer,NOT SPECIFIED IN THE SOURCE DOCUMENT,3,The Profile of a JCI Member,CONTEXT,—,survey_sample,2025 Membership Experience Survey,2025,"over 1,450 respondents having completed undergraduate studies",H,extracted,,
IND-044,holding a master's degree,survey.education.masters,950,at_most,person,integer,NOT SPECIFIED IN THE SOURCE DOCUMENT,3,The Profile of a JCI Member,CONTEXT,—,survey_sample,2025 Membership Experience Survey,2025,nearly 950 holding a master's degree,H,extracted,,
IND-045,enrolled in master's programs,survey.education.masters_enrolled,383,exact,person,integer,NOT SPECIFIED IN THE SOURCE DOCUMENT,3,The Profile of a JCI Member,CONTEXT,—,survey_sample,2025 Membership Experience Survey,2025,383 members are currently enrolled in master's programs,H,extracted,,
IND-046,pursuing doctoral studies,survey.education.doctoral,90,exact,person,integer,NOT SPECIFIED IN THE SOURCE DOCUMENT,3,The Profile of a JCI Member,CONTEXT,—,survey_sample,2025 Membership Experience Survey,2025,90 are pursuing doctoral studies,H,extracted,,
IND-047,technical or vocational qualifications,survey.education.vocational,160,exact,person,integer,NOT SPECIFIED IN THE SOURCE DOCUMENT,3,The Profile of a JCI Member,CONTEXT,—,survey_sample,2025 Membership Experience Survey,2025,160 members reported technical or vocational qualifications,H,extracted,,
IND-048,members,network.members.total,147670,exact,person,integer,NOT SPECIFIED IN THE SOURCE DOCUMENT,8 (+9),Membership Details,CONTEXT,—,global_network,GLOBAL,2025,"powered by 147,670 members",H,extracted,DQC-01,
IND-049,Total Members — Africa & Middle East,network.members.afme,15102,exact,person,integer,NOT SPECIFIED IN THE SOURCE DOCUMENT,8 (+9),Membership Details,CONTEXT,—,geographic_area,AFME,2025,"Africa & Middle East 15,102",H,extracted,,
IND-050,Total Members — Africa & Middle East — share,network.members.afme.share,0.102,exact,ratio,percentage,NOT SPECIFIED IN THE SOURCE DOCUMENT,8,Membership Details,CONTEXT,—,geographic_area,AFME,2025,"Africa & Middle East 15,102 (10.2%)",H,extracted,,
IND-051,Total Members — Asia & the Pacific,network.members.aspac,103170,exact,person,integer,NOT SPECIFIED IN THE SOURCE DOCUMENT,8 (+9),Membership Details,CONTEXT,—,geographic_area,ASPAC,2025,"Asia & the Pacific 103,170",H,extracted,,
IND-052,Total Members — Asia & the Pacific — share,network.members.aspac.share,0.6990000000000001,exact,ratio,percentage,NOT SPECIFIED IN THE SOURCE DOCUMENT,8,Membership Details,CONTEXT,—,geographic_area,ASPAC,2025,"Asia & the Pacific 103,170 (69.9%)",H,extracted,,
IND-053,Total Members — America,network.members.america,11775,exact,person,integer,NOT SPECIFIED IN THE SOURCE DOCUMENT,8 (+9),Membership Details,CONTEXT,—,geographic_area,AMERICA,2025,"America 11,775",H,extracted,,
IND-054,Total Members — America — share,network.members.america.share,0.08,exact,ratio,percentage,NOT SPECIFIED IN THE SOURCE DOCUMENT,8,Membership Details,CONTEXT,—,geographic_area,AMERICA,2025,"America 11,775 (8.0%)",H,extracted,,
IND-055,Total Members — Europe,network.members.europe,17623,exact,person,integer,NOT SPECIFIED IN THE SOURCE DOCUMENT,8 (+9),Membership Details,CONTEXT,—,geographic_area,EUROPE,2025,"Europe 17,623",H,extracted,,
IND-056,Total Members — Europe — share,network.members.europe.share,0.11900000000000001,exact,ratio,percentage,NOT SPECIFIED IN THE SOURCE DOCUMENT,8,Membership Details,CONTEXT,—,geographic_area,EUROPE,2025,"Europe 17,623 (11.9%)",H,extracted,,
IND-057,Number of Members (Area Wise) — America (chart),network.members.america.share.chart,0.8,exact,ratio,percentage,NOT SPECIFIED IN THE SOURCE DOCUMENT,8,Membership Details,CONTEXT,—,geographic_area,AMERICA,2025,"America 11,775 (80%)",L,extracted,DQC-25,likely typo of 8.0%; kept as published
IND-058,Local Organizations,network.local_organizations.total,4641,exact,local_organization,integer,NOT SPECIFIED IN THE SOURCE DOCUMENT,8 (+11),Membership Details,CONTEXT,—,global_network,GLOBAL,2025,"4,641 Local Organizations provide the grassroots foundation",H,extracted,DQC-04,
IND-059,Local Organizations (LO) — Africa & Middle East,network.local_organizations.afme,468,exact,local_organization,integer,NOT SPECIFIED IN THE SOURCE DOCUMENT,"8 (+9, 11)",Membership Details,CONTEXT,—,geographic_area,AFME,2025,Africa & Middle East 468,H,extracted,,
IND-060,Local Organizations (LO) — Africa & Middle East — share,network.local_organizations.afme.share,0.10099999999999999,exact,ratio,percentage,NOT SPECIFIED IN THE SOURCE DOCUMENT,8,Membership Details,CONTEXT,—,geographic_area,AFME,2025,Africa & Middle East 468 (10.1%),H,extracted,,
IND-061,Local Organizations (LO) — Asia & the Pacific,network.local_organizations.aspac,2945,exact,local_organization,integer,NOT SPECIFIED IN THE SOURCE DOCUMENT,"8 (+9, 11)",Membership Details,CONTEXT,—,geographic_area,ASPAC,2025,"Asia & the Pacific 2,945",H,extracted,,
IND-062,Local Organizations (LO) — Asia & the Pacific — share,network.local_organizations.aspac.share,0.635,exact,ratio,percentage,NOT SPECIFIED IN THE SOURCE DOCUMENT,8,Membership Details,CONTEXT,—,geographic_area,ASPAC,2025,"Asia & the Pacific 2,945 (63.5%)",H,extracted,,
IND-063,Local Organizations (LO) — America,network.local_organizations.america,492,exact,local_organization,integer,NOT SPECIFIED IN THE SOURCE DOCUMENT,"8 (+9, 11)",Membership Details,CONTEXT,—,geographic_area,AMERICA,2025,America 492,H,extracted,,
IND-064,Local Organizations (LO) — America — share,network.local_organizations.america.share,0.106,exact,ratio,percentage,NOT SPECIFIED IN THE SOURCE DOCUMENT,8,Membership Details,CONTEXT,—,geographic_area,AMERICA,2025,America 492 (10.6%),H,extracted,,
IND-065,Local Organizations (LO) — Europe,network.local_organizations.europe,736,exact,local_organization,integer,NOT SPECIFIED IN THE SOURCE DOCUMENT,"8 (+9, 11)",Membership Details,CONTEXT,—,geographic_area,EUROPE,2025,Europe 736,H,extracted,,
IND-066,Local Organizations (LO) — Europe — share,network.local_organizations.europe.share,0.158,exact,ratio,percentage,NOT SPECIFIED IN THE SOURCE DOCUMENT,8,Membership Details,CONTEXT,—,geographic_area,EUROPE,2025,Europe 736 (15.8%),H,extracted,,
IND-067,Number of Local Organizations (Area Wise) — Europe — share,network.local_organizations.europe.share.p11,0.159,exact,ratio,percentage,NOT SPECIFIED IN THE SOURCE DOCUMENT,11,Local Organizations,CONTEXT,—,geographic_area,EUROPE,2025,Europe 736 (15.9%),H,extracted,DQC-19,
IND-068,National Organizations,network.national_organizations.total,114,exact,national_organization,integer,NOT SPECIFIED IN THE SOURCE DOCUMENT,8 (+10),Membership Details,CONTEXT,—,global_network,GLOBAL,2025,114 National Organizations coordinate these efforts at the country level,H,extracted,,
IND-069,Areas of the world,network.geographic_areas.count,4,exact,geographic_area,integer,NOT SPECIFIED IN THE SOURCE DOCUMENT,8,Membership Details,CONTEXT,—,global_network,GLOBAL,NOT SPECIFIED,JCI operates across 4 Areas of the world,H,extracted,,
IND-070,Global Presence (Countries),network.countries.map,114,exact,country,integer,NOT SPECIFIED IN THE SOURCE DOCUMENT,9,International Presence – Operational Areas,CONTEXT,—,global_network,GLOBAL,2025,Global Presence (114 Countries),H,extracted,DQC-02,
IND-071,Global Presence — list of countries,network.countries.list,,,country_list,list,NOT SPECIFIED IN THE SOURCE DOCUMENT,9,International Presence – Operational Areas,CONTEXT,—,global_network,GLOBAL,NOT SPECIFIED,—,H,visual_data_not_extracted,VDX-01,
IND-072,Number of National Organizations (Area Wise) — Africa and the Middle East,network.national_organizations.afme,33,exact,national_organization,integer,NOT SPECIFIED IN THE SOURCE DOCUMENT,10,National Organizations,CONTEXT,—,geographic_area,AFME,2025,Africa and the Middle East 33,H,extracted,,
IND-073,Number of National Organizations (Area Wise) — Africa and the Middle East — share,network.national_organizations.afme.share,0.289,exact,ratio,percentage,NOT SPECIFIED IN THE SOURCE DOCUMENT,10,National Organizations,CONTEXT,—,geographic_area,AFME,2025,Africa and the Middle East 33 (28.9%),H,extracted,,
IND-074,Number of National Organizations (Area Wise) — Asia and the Pacific,network.national_organizations.aspac,22,exact,national_organization,integer,NOT SPECIFIED IN THE SOURCE DOCUMENT,10,National Organizations,CONTEXT,—,geographic_area,ASPAC,2025,Asia and the Pacific 22,H,extracted,,
IND-075,Number of National Organizations (Area Wise) — Asia and the Pacific — share,network.national_organizations.aspac.share,0.193,exact,ratio,percentage,NOT SPECIFIED IN THE SOURCE DOCUMENT,10,National Organizations,CONTEXT,—,geographic_area,ASPAC,2025,Asia and the Pacific 22 (19.3%),H,extracted,,
IND-076,Number of National Organizations (Area Wise) — America,network.national_organizations.america,22,exact,national_organization,integer,NOT SPECIFIED IN THE SOURCE DOCUMENT,10,National Organizations,CONTEXT,—,geographic_area,AMERICA,2025,America 22,H,extracted,,
IND-077,Number of National Organizations (Area Wise) — America — share,network.national_organizations.america.share,0.193,exact,ratio,percentage,NOT SPECIFIED IN THE SOURCE DOCUMENT,10,National Organizations,CONTEXT,—,geographic_area,AMERICA,2025,America 22 (19.3%),H,extracted,,
IND-078,Number of National Organizations (Area Wise) — Europe,network.national_organizations.europe,37,exact,national_organization,integer,NOT SPECIFIED IN THE SOURCE DOCUMENT,10,National Organizations,CONTEXT,—,geographic_area,EUROPE,2025,Europe 37,H,extracted,,
IND-079,Number of National Organizations (Area Wise) — Europe — share,network.national_organizations.europe.share,0.325,exact,ratio,percentage,NOT SPECIFIED IN THE SOURCE DOCUMENT,10,National Organizations,CONTEXT,—,geographic_area,EUROPE,2025,Europe 37 (32.5%),H,extracted,,
IND-080,Total Number of Alumni Clubs,network.alumni_clubs.total,366,exact,club,integer,The JCI Alumni Club maintains the connection and commitment of former members who have passed the age of 40.,12,JCI Alumni Clubs,CONTEXT,—,global_network,GLOBAL,NOT SPECIFIED,Total Number of Alumni Clubs 366,H,extracted,,
IND-081,Number of JCI Alumni Clubs (Area Wise) — Asia and the Pacific,network.alumni_clubs.aspac,175,exact,club,integer,NOT SPECIFIED IN THE SOURCE DOCUMENT,12,JCI Alumni Clubs,CONTEXT,—,geographic_area,ASPAC,NOT SPECIFIED,Asia and the Pacific 175,H,extracted,,
IND-082,Number of JCI Alumni Clubs (Area Wise) — Asia and the Pacific — share,network.alumni_clubs.aspac.share,0.4781,exact,ratio,percentage,NOT SPECIFIED IN THE SOURCE DOCUMENT,12,JCI Alumni Clubs,CONTEXT,—,geographic_area,ASPAC,NOT SPECIFIED,Asia and the Pacific 175 (47.81%),H,extracted,,
IND-083,Number of JCI Alumni Clubs (Area Wise) — America,network.alumni_clubs.america,4,exact,club,integer,NOT SPECIFIED IN THE SOURCE DOCUMENT,12,JCI Alumni Clubs,CONTEXT,—,geographic_area,AMERICA,NOT SPECIFIED,America 4,H,extracted,,
IND-084,Number of JCI Alumni Clubs (Area Wise) — America — share,network.alumni_clubs.america.share,0.0109,exact,ratio,percentage,NOT SPECIFIED IN THE SOURCE DOCUMENT,12,JCI Alumni Clubs,CONTEXT,—,geographic_area,AMERICA,NOT SPECIFIED,America 4 (1.09%),H,extracted,,
IND-085,Number of JCI Alumni Clubs (Area Wise) — Africa and the Middle East,network.alumni_clubs.afme,6,exact,club,integer,NOT SPECIFIED IN THE SOURCE DOCUMENT,12,JCI Alumni Clubs,CONTEXT,—,geographic_area,AFME,NOT SPECIFIED,Africa and the Middle East 6,H,extracted,,
IND-086,Number of JCI Alumni Clubs (Area Wise) — Africa and the Middle East — share,network.alumni_clubs.afme.share,0.016399999999999998,exact,ratio,percentage,NOT SPECIFIED IN THE SOURCE DOCUMENT,12,JCI Alumni Clubs,CONTEXT,—,geographic_area,AFME,NOT SPECIFIED,Africa and the Middle East 6 (1.64%),H,extracted,,
IND-087,Number of JCI Alumni Clubs (Area Wise) — Europe,network.alumni_clubs.europe,181,exact,club,integer,NOT SPECIFIED IN THE SOURCE DOCUMENT,12,JCI Alumni Clubs,CONTEXT,—,geographic_area,EUROPE,NOT SPECIFIED,Europe 181,H,extracted,,
IND-088,Number of JCI Alumni Clubs (Area Wise) — Europe — share,network.alumni_clubs.europe.share,0.49450000000000005,exact,ratio,percentage,NOT SPECIFIED IN THE SOURCE DOCUMENT,12,JCI Alumni Clubs,CONTEXT,—,geographic_area,EUROPE,NOT SPECIFIED,Europe 181 (49.45%),H,extracted,,
IND-089,Total Number of Members (Alumni Clubs),network.alumni_clubs.members,1343,exact,person,integer,NOT SPECIFIED IN THE SOURCE DOCUMENT,12,JCI Alumni Clubs,CONTEXT,—,global_network,GLOBAL,NOT SPECIFIED,"Total Number of Members 1,343",H,extracted,,
IND-090,Total Countries Represented (Alumni Clubs),network.alumni_clubs.countries,18,exact,country,integer,NOT SPECIFIED IN THE SOURCE DOCUMENT,12,JCI Alumni Clubs,CONTEXT,—,global_network,GLOBAL,NOT SPECIFIED,Total Countries Represented 18,H,extracted,,
IND-091,Total Number of Junior Clubs,network.junior_clubs.total,89,exact,club,integer,The JCI Junior Club engages young people between the ages of 14 and 21,13,JCI Junior Club,CONTEXT,—,global_network,GLOBAL,NOT SPECIFIED,Total Number of Junior Clubs 89,H,extracted,,
IND-092,Number of JCI Junior Clubs (Area Wise) — Asia and the Pacific,network.junior_clubs.aspac,60,exact,club,integer,NOT SPECIFIED IN THE SOURCE DOCUMENT,13,JCI Junior Club,CONTEXT,—,geographic_area,ASPAC,NOT SPECIFIED,Asia and the Pacific 60,H,extracted,,
IND-093,Number of JCI Junior Clubs (Area Wise) — Asia and the Pacific — share,network.junior_clubs.aspac.share,0.6742,exact,ratio,percentage,NOT SPECIFIED IN THE SOURCE DOCUMENT,13,JCI Junior Club,CONTEXT,—,geographic_area,ASPAC,NOT SPECIFIED,Asia and the Pacific 60 (67.42%),H,extracted,,
IND-094,Number of JCI Junior Clubs (Area Wise) — America,network.junior_clubs.america,14,exact,club,integer,NOT SPECIFIED IN THE SOURCE DOCUMENT,13,JCI Junior Club,CONTEXT,—,geographic_area,AMERICA,NOT SPECIFIED,America 14,H,extracted,,
IND-095,Number of JCI Junior Clubs (Area Wise) — America — share,network.junior_clubs.america.share,0.1573,exact,ratio,percentage,NOT SPECIFIED IN THE SOURCE DOCUMENT,13,JCI Junior Club,CONTEXT,—,geographic_area,AMERICA,NOT SPECIFIED,America 14 (15.73%),H,extracted,,
IND-096,Number of JCI Junior Clubs (Area Wise) — Africa and the Middle East,network.junior_clubs.afme,12,exact,club,integer,NOT SPECIFIED IN THE SOURCE DOCUMENT,13,JCI Junior Club,CONTEXT,—,geographic_area,AFME,NOT SPECIFIED,Africa and the Middle East 12,H,extracted,,
IND-097,Number of JCI Junior Clubs (Area Wise) — Africa and the Middle East — share,network.junior_clubs.afme.share,0.1348,exact,ratio,percentage,NOT SPECIFIED IN THE SOURCE DOCUMENT,13,JCI Junior Club,CONTEXT,—,geographic_area,AFME,NOT SPECIFIED,Africa and the Middle East 12 (13.48%),H,extracted,,
IND-098,Number of JCI Junior Clubs (Area Wise) — Europe,network.junior_clubs.europe,3,exact,club,integer,NOT SPECIFIED IN THE SOURCE DOCUMENT,13,JCI Junior Club,CONTEXT,—,geographic_area,EUROPE,NOT SPECIFIED,Europe 3,H,extracted,,
IND-099,Number of JCI Junior Clubs (Area Wise) — Europe — share,network.junior_clubs.europe.share,0.0337,exact,ratio,percentage,NOT SPECIFIED IN THE SOURCE DOCUMENT,13,JCI Junior Club,CONTEXT,—,geographic_area,EUROPE,NOT SPECIFIED,Europe 3 (3.37%),H,extracted,,
IND-100,Total Number of Members (Junior Clubs),network.junior_clubs.members,527,exact,person,integer,NOT SPECIFIED IN THE SOURCE DOCUMENT,13,JCI Junior Club,CONTEXT,—,global_network,GLOBAL,NOT SPECIFIED,Total Number of Members 527,H,extracted,,
IND-101,Total Countries Represented (Junior Clubs),network.junior_clubs.countries,21,exact,country,integer,NOT SPECIFIED IN THE SOURCE DOCUMENT,13,JCI Junior Club,CONTEXT,—,global_network,GLOBAL,NOT SPECIFIED,Total Countries Represented 21,H,extracted,,
IND-102,Facebook — Total Followers,comm.facebook.total_followers,148000,exact,follower,integer,NOT SPECIFIED IN THE SOURCE DOCUMENT,17,Social Media Metrics,OUTPUT,—,digital_channel,Facebook,January–October 2025,"Total Followers: 148,000",H,extracted,DQC-07,
IND-103,Facebook — Growth Rate (Quarterly),comm.facebook.growth_rate_quarterly,0.06,exact,ratio,percentage,NOT SPECIFIED IN THE SOURCE DOCUMENT,17,Social Media Metrics,OUTPUT,—,digital_channel,Facebook,January–October 2025,Growth Rate: +6% (Quarterly),H,extracted,,
IND-104,Facebook — Reach,comm.facebook.reach,2000000,at_least,reach,integer,NOT SPECIFIED IN THE SOURCE DOCUMENT,17,Social Media Metrics,OUTPUT,—,digital_channel,Facebook,January–October 2025,Reach: Over 2 million (76% organic),H,extracted,DQC-08,
IND-105,Facebook — Reach — organic share,comm.facebook.reach_organic_share,0.76,exact,ratio,percentage,NOT SPECIFIED IN THE SOURCE DOCUMENT,17,Social Media Metrics,OUTPUT,—,digital_channel,Facebook,January–October 2025,(76% organic),H,extracted,,
IND-106,Facebook — Engagement Rate,comm.facebook.engagement_rate,0.05,exact,ratio,percentage,NOT SPECIFIED IN THE SOURCE DOCUMENT,17,Social Media Metrics,OUTPUT,—,digital_channel,Facebook,January–October 2025,Engagement Rate: 5%,H,extracted,,
IND-107,Facebook — Engagement change vs previous quarter,comm.facebook.engagement_change_vs_previous_quarter,0.7,at_least,ratio,percentage,NOT SPECIFIED IN THE SOURCE DOCUMENT,17,Social Media Metrics,OUTPUT,—,digital_channel,Facebook,January–October 2025,Engagement rose by more than 70% compared to the previous quarter,H,extracted,,
IND-108,Instagram — Total Followers,comm.instagram.total_followers,41000,exact,follower,integer,NOT SPECIFIED IN THE SOURCE DOCUMENT,17,Social Media Metrics,OUTPUT,—,digital_channel,Instagram,January–October 2025,"Total Followers: 41,000",H,extracted,DQC-07,
IND-109,Instagram — Growth Rate (Quarterly),comm.instagram.growth_rate_quarterly,0.09,exact,ratio,percentage,NOT SPECIFIED IN THE SOURCE DOCUMENT,17,Social Media Metrics,OUTPUT,—,digital_channel,Instagram,January–October 2025,Growth Rate: +9% (Quarterly),H,extracted,,
IND-110,Instagram — Reach Increase,comm.instagram.reach_increase,0.139,exact,ratio,percentage,NOT SPECIFIED IN THE SOURCE DOCUMENT,17,Social Media Metrics,OUTPUT,—,digital_channel,Instagram,January–October 2025,Reach Increase: +13.9%,H,extracted,,
IND-111,Instagram — Engagement Rate,comm.instagram.engagement_rate,0.02,exact,ratio,percentage,NOT SPECIFIED IN THE SOURCE DOCUMENT,17,Social Media Metrics,OUTPUT,—,digital_channel,Instagram,January–October 2025,Engagement Rate: 2%,H,extracted,,
IND-112,Linkedin — Total Followers,comm.linkedin.total_followers,32000,exact,follower,integer,NOT SPECIFIED IN THE SOURCE DOCUMENT,17,Social Media Metrics,OUTPUT,—,digital_channel,Linkedin,January–October 2025,"Total Followers: 32,000",H,extracted,DQC-07,
IND-113,Linkedin — Growth Rate (Quarterly),comm.linkedin.growth_rate_quarterly,0.07,exact,ratio,percentage,NOT SPECIFIED IN THE SOURCE DOCUMENT,17,Social Media Metrics,OUTPUT,—,digital_channel,Linkedin,January–October 2025,Growth Rate: +7% (Quarterly),H,extracted,,
IND-114,Linkedin — Impressions,comm.linkedin.impressions,318604,exact,impression,integer,NOT SPECIFIED IN THE SOURCE DOCUMENT,17,Social Media Metrics,OUTPUT,—,digital_channel,Linkedin,January–October 2025,"Impressions: 318,604",H,extracted,DQC-08,
IND-115,Linkedin — Reactions,comm.linkedin.reactions,9124,exact,reaction,integer,NOT SPECIFIED IN THE SOURCE DOCUMENT,17,Social Media Metrics,OUTPUT,—,digital_channel,Linkedin,January–October 2025,"Reactions: 9,124",H,extracted,,
IND-116,YouTube — Subscribers,comm.youtube.subscribers,8200,exact,subscriber,integer,NOT SPECIFIED IN THE SOURCE DOCUMENT,18,Social Media Metrics,OUTPUT,—,digital_channel,YouTube,January–October 2025,"Subscribers: 8,200",H,extracted,DQC-07,
IND-117,YouTube — Growth Rate,comm.youtube.growth_rate,0.12,exact,ratio,percentage,NOT SPECIFIED IN THE SOURCE DOCUMENT,18,Social Media Metrics,OUTPUT,—,digital_channel,YouTube,January–October 2025,Growth Rate: +12%,H,extracted,,
IND-118,YouTube — Views,comm.youtube.views,17325,exact,view,integer,NOT SPECIFIED IN THE SOURCE DOCUMENT,18,Social Media Metrics,OUTPUT,—,digital_channel,YouTube,January–October 2025,"Views: 17,325",H,extracted,,
IND-119,YouTube — Watch Time,comm.youtube.watch_time,330,exact,hour,decimal,NOT SPECIFIED IN THE SOURCE DOCUMENT,18,Social Media Metrics,OUTPUT,—,digital_channel,YouTube,January–October 2025,Watch Time: 330 hours,H,extracted,,
IND-120,YouTube — Top Video views,comm.youtube.top_video_views,2700,exact,view,integer,NOT SPECIFIED IN THE SOURCE DOCUMENT,18,Social Media Metrics,OUTPUT,—,digital_channel,YouTube,January–October 2025,"“What is JCI?” (2,700 views, 51% audience retention)",H,extracted,,
IND-121,YouTube — Top Video audience retention,comm.youtube.top_video_audience_retention,0.51,exact,ratio,percentage,NOT SPECIFIED IN THE SOURCE DOCUMENT,18,Social Media Metrics,OUTPUT,—,digital_channel,YouTube,January–October 2025,51% audience retention,H,extracted,,
IND-122,users accessing content through smartphones,comm.mobile_share.social,0.75,at_least,ratio,percentage,NOT SPECIFIED IN THE SOURCE DOCUMENT,18,Social Media Metrics,CONTEXT,—,digital_channel,all platforms,January–October 2025,more than 75 percent of users accessing content through smartphones,H,extracted,,
IND-123,total readers (seven issues),comm.leader.readers.narrative,13000,at_most,reader,integer,NOT SPECIFIED IN THE SOURCE DOCUMENT,19,The LEADER Magazine,OUTPUT,—,digital_channel,The LEADER Magazine,January–October 2025,"reached nearly 13,000 total readers across seven issues",H,extracted,DQC-09,
IND-124,issues released,activity.leader.issues,7,exact,issue,integer,NOT SPECIFIED IN THE SOURCE DOCUMENT,19,The LEADER Magazine,ACTIVITY,—,digital_channel,The LEADER Magazine,January–October 2025,all seven issues released from January to October 2025,H,extracted,,
IND-125,Devices used by Readers — Mobile Phone,comm.leader.devices.mobile,8857,exact,reader,integer,NOT SPECIFIED IN THE SOURCE DOCUMENT,19,The LEADER Magazine,CONTEXT,—,digital_channel,The LEADER Magazine,January–October 2025,"Mobile Phone 8,857 (70.50%)",H,extracted,DQC-09,
IND-126,Devices used by Readers — Mobile Phone — share,comm.leader.devices.mobile.share,0.705,exact,ratio,percentage,NOT SPECIFIED IN THE SOURCE DOCUMENT,19,The LEADER Magazine,CONTEXT,—,digital_channel,The LEADER Magazine,January–October 2025,"Mobile Phone 8,857 (70.50%)",H,extracted,,
IND-127,Devices used by Readers — Tablet,comm.leader.devices.tablet,81,exact,reader,integer,NOT SPECIFIED IN THE SOURCE DOCUMENT,19,The LEADER Magazine,CONTEXT,—,digital_channel,The LEADER Magazine,January–October 2025,Tablet 81 (0.64%),H,extracted,DQC-09,
IND-128,Devices used by Readers — Tablet — share,comm.leader.devices.tablet.share,0.0064,exact,ratio,percentage,NOT SPECIFIED IN THE SOURCE DOCUMENT,19,The LEADER Magazine,CONTEXT,—,digital_channel,The LEADER Magazine,January–October 2025,Tablet 81 (0.64%),H,extracted,,
IND-129,Devices used by Readers — Computer or Laptop,comm.leader.devices.computer,3626,exact,reader,integer,NOT SPECIFIED IN THE SOURCE DOCUMENT,19,The LEADER Magazine,CONTEXT,—,digital_channel,The LEADER Magazine,January–October 2025,"Computer or Laptop 3,626 (28.86%)",H,extracted,DQC-09,
IND-130,Devices used by Readers — Computer or Laptop — share,comm.leader.devices.computer.share,0.28859999999999997,exact,ratio,percentage,NOT SPECIFIED IN THE SOURCE DOCUMENT,19,The LEADER Magazine,CONTEXT,—,digital_channel,The LEADER Magazine,January–October 2025,"Computer or Laptop 3,626 (28.86%)",H,extracted,,
IND-131,1st Issue — Total Readers to Date,comm.leader.readers.issue_1st,3736,exact,reader,integer,NOT SPECIFIED IN THE SOURCE DOCUMENT,20,The LEADER Magazine,OUTPUT,—,digital_channel,The LEADER Magazine,January–October 2025,"1st Issue 3,736 4,207 0:38:55",H,extracted,,
IND-132,1st Issue — Total Book Visits to Date,comm.leader.book_visits.issue_1st,4207,exact,visit,integer,NOT SPECIFIED IN THE SOURCE DOCUMENT,20,The LEADER Magazine,OUTPUT,—,digital_channel,The LEADER Magazine,January–October 2025,"1st Issue 3,736 4,207 0:38:55",H,extracted,,
IND-133,1st Issue — Average Time on Books,comm.leader.avg_time.issue_1st,0:38:55,exact,h:mm:ss,duration,NOT SPECIFIED IN THE SOURCE DOCUMENT,20,The LEADER Magazine,OUTPUT,—,digital_channel,The LEADER Magazine,January–October 2025,"1st Issue 3,736 4,207 0:38:55",H,extracted,,
IND-134,2nd Issue — Total Readers to Date,comm.leader.readers.issue_2nd,1565,exact,reader,integer,NOT SPECIFIED IN THE SOURCE DOCUMENT,20,The LEADER Magazine,OUTPUT,—,digital_channel,The LEADER Magazine,January–October 2025,"2nd Issue 1,565 1,738 0:21:45",H,extracted,,
IND-135,2nd Issue — Total Book Visits to Date,comm.leader.book_visits.issue_2nd,1738,exact,visit,integer,NOT SPECIFIED IN THE SOURCE DOCUMENT,20,The LEADER Magazine,OUTPUT,—,digital_channel,The LEADER Magazine,January–October 2025,"2nd Issue 1,565 1,738 0:21:45",H,extracted,,
IND-136,2nd Issue — Average Time on Books,comm.leader.avg_time.issue_2nd,0:21:45,exact,h:mm:ss,duration,NOT SPECIFIED IN THE SOURCE DOCUMENT,20,The LEADER Magazine,OUTPUT,—,digital_channel,The LEADER Magazine,January–October 2025,"2nd Issue 1,565 1,738 0:21:45",H,extracted,,
IND-137,3rd Issue — Total Readers to Date,comm.leader.readers.issue_3rd,1501,exact,reader,integer,NOT SPECIFIED IN THE SOURCE DOCUMENT,20,The LEADER Magazine,OUTPUT,—,digital_channel,The LEADER Magazine,January–October 2025,"3rd Issue 1,501 1,672 0:22:43",H,extracted,,
IND-138,3rd Issue — Total Book Visits to Date,comm.leader.book_visits.issue_3rd,1672,exact,visit,integer,NOT SPECIFIED IN THE SOURCE DOCUMENT,20,The LEADER Magazine,OUTPUT,—,digital_channel,The LEADER Magazine,January–October 2025,"3rd Issue 1,501 1,672 0:22:43",H,extracted,,
IND-139,3rd Issue — Average Time on Books,comm.leader.avg_time.issue_3rd,0:22:43,exact,h:mm:ss,duration,NOT SPECIFIED IN THE SOURCE DOCUMENT,20,The LEADER Magazine,OUTPUT,—,digital_channel,The LEADER Magazine,January–October 2025,"3rd Issue 1,501 1,672 0:22:43",H,extracted,,
IND-140,4th Issue — Total Readers to Date,comm.leader.readers.issue_4th,1853,exact,reader,integer,NOT SPECIFIED IN THE SOURCE DOCUMENT,20,The LEADER Magazine,OUTPUT,—,digital_channel,The LEADER Magazine,January–October 2025,"4th Issue 1,853 2,030 0:37:17",H,extracted,,
IND-141,4th Issue — Total Book Visits to Date,comm.leader.book_visits.issue_4th,2030,exact,visit,integer,NOT SPECIFIED IN THE SOURCE DOCUMENT,20,The LEADER Magazine,OUTPUT,—,digital_channel,The LEADER Magazine,January–October 2025,"4th Issue 1,853 2,030 0:37:17",H,extracted,,
IND-142,4th Issue — Average Time on Books,comm.leader.avg_time.issue_4th,0:37:17,exact,h:mm:ss,duration,NOT SPECIFIED IN THE SOURCE DOCUMENT,20,The LEADER Magazine,OUTPUT,—,digital_channel,The LEADER Magazine,January–October 2025,"4th Issue 1,853 2,030 0:37:17",H,extracted,,
IND-143,5th Issue — Total Readers to Date,comm.leader.readers.issue_5th,1794,exact,reader,integer,NOT SPECIFIED IN THE SOURCE DOCUMENT,20,The LEADER Magazine,OUTPUT,—,digital_channel,The LEADER Magazine,January–October 2025,"5th Issue 1,794 1,971 0:44:08",H,extracted,,
IND-144,5th Issue — Total Book Visits to Date,comm.leader.book_visits.issue_5th,1971,exact,visit,integer,NOT SPECIFIED IN THE SOURCE DOCUMENT,20,The LEADER Magazine,OUTPUT,—,digital_channel,The LEADER Magazine,January–October 2025,"5th Issue 1,794 1,971 0:44:08",H,extracted,,
IND-145,5th Issue — Average Time on Books,comm.leader.avg_time.issue_5th,0:44:08,exact,h:mm:ss,duration,NOT SPECIFIED IN THE SOURCE DOCUMENT,20,The LEADER Magazine,OUTPUT,—,digital_channel,The LEADER Magazine,January–October 2025,"5th Issue 1,794 1,971 0:44:08",H,extracted,,
IND-146,6th Issue — Total Readers to Date,comm.leader.readers.issue_6th,1772,exact,reader,integer,NOT SPECIFIED IN THE SOURCE DOCUMENT,20,The LEADER Magazine,OUTPUT,—,digital_channel,The LEADER Magazine,January–October 2025,"6th Issue 1,772 1,977 1:12:01",H,extracted,,
IND-147,6th Issue — Total Book Visits to Date,comm.leader.book_visits.issue_6th,1977,exact,visit,integer,NOT SPECIFIED IN THE SOURCE DOCUMENT,20,The LEADER Magazine,OUTPUT,—,digital_channel,The LEADER Magazine,January–October 2025,"6th Issue 1,772 1,977 1:12:01",H,extracted,,
IND-148,6th Issue — Average Time on Books,comm.leader.avg_time.issue_6th,1:12:01,exact,h:mm:ss,duration,NOT SPECIFIED IN THE SOURCE DOCUMENT,20,The LEADER Magazine,OUTPUT,—,digital_channel,The LEADER Magazine,January–October 2025,"6th Issue 1,772 1,977 1:12:01",H,extracted,,
IND-149,7th Issue — Total Readers to Date,comm.leader.readers.issue_7th,1651,exact,reader,integer,NOT SPECIFIED IN THE SOURCE DOCUMENT,20,The LEADER Magazine,OUTPUT,—,digital_channel,The LEADER Magazine,January–October 2025,"7th Issue 1,651 1,828 1:45:44",H,extracted,,
IND-150,7th Issue — Total Book Visits to Date,comm.leader.book_visits.issue_7th,1828,exact,visit,integer,NOT SPECIFIED IN THE SOURCE DOCUMENT,20,The LEADER Magazine,OUTPUT,—,digital_channel,The LEADER Magazine,January–October 2025,"7th Issue 1,651 1,828 1:45:44",H,extracted,,
IND-151,7th Issue — Average Time on Books,comm.leader.avg_time.issue_7th,1:45:44,exact,h:mm:ss,duration,NOT SPECIFIED IN THE SOURCE DOCUMENT,20,The LEADER Magazine,OUTPUT,—,digital_channel,The LEADER Magazine,January–October 2025,"7th Issue 1,651 1,828 1:45:44",H,extracted,,
IND-152,Total — Total Readers to Date,comm.leader.readers.issue_total,13872,exact,reader,integer,NOT SPECIFIED IN THE SOURCE DOCUMENT,20,The LEADER Magazine,OUTPUT,—,digital_channel,The LEADER Magazine,January–October 2025,"Total 13,872 15,423 0:48:56",H,extracted,DQC-09,
IND-153,Total — Total Book Visits to Date,comm.leader.book_visits.issue_total,15423,exact,visit,integer,NOT SPECIFIED IN THE SOURCE DOCUMENT,20,The LEADER Magazine,OUTPUT,—,digital_channel,The LEADER Magazine,January–October 2025,"Total 13,872 15,423 0:48:56",H,extracted,,
IND-154,Total — Average Time on Books,comm.leader.avg_time.issue_total,0:48:56,exact,h:mm:ss,duration,NOT SPECIFIED IN THE SOURCE DOCUMENT,20,The LEADER Magazine,OUTPUT,—,digital_channel,The LEADER Magazine,January–October 2025,"Total 13,872 15,423 0:48:56",H,extracted,,
IND-155,Top Readers by Country per Issue — 1st Issue (rank 1–10),comm.leader.top_countries.issue_1st,India; Japan; United States; Philippines; Tunisia; China; France; Vietnam; Switzerland; Malaysia,exact,country_ranking,list,NOT SPECIFIED IN THE SOURCE DOCUMENT,20,The LEADER Magazine,CONTEXT,—,digital_channel,The LEADER Magazine,January–October 2025,Top Readers by Country per Issue,H,extracted,,
IND-156,Top Readers by Country per Issue — 2nd Issue (rank 1–10),comm.leader.top_countries.issue_2nd,United States; India; Philippines; Turkey; Japan; Senegal; Netherlands; France; Ireland; China,exact,country_ranking,list,NOT SPECIFIED IN THE SOURCE DOCUMENT,20,The LEADER Magazine,CONTEXT,—,digital_channel,The LEADER Magazine,January–October 2025,Top Readers by Country per Issue,H,extracted,,
IND-157,Top Readers by Country per Issue — 3rd Issue (rank 1–10),comm.leader.top_countries.issue_3rd,India; United States; Philippines; Madagascar; Turkey; Japan; Suriname; Mongolia; Ireland; China,exact,country_ranking,list,NOT SPECIFIED IN THE SOURCE DOCUMENT,20,The LEADER Magazine,CONTEXT,—,digital_channel,The LEADER Magazine,January–October 2025,Top Readers by Country per Issue,H,extracted,,
IND-158,Top Readers by Country per Issue — 4th Issue (rank 1–10),comm.leader.top_countries.issue_4th,Switzerland; United States; India; Ecuador; Japan; Philippines; Brunei; Romania; France; Bangladesh,exact,country_ranking,list,NOT SPECIFIED IN THE SOURCE DOCUMENT,20,The LEADER Magazine,CONTEXT,—,digital_channel,The LEADER Magazine,January–October 2025,Top Readers by Country per Issue,H,extracted,,
IND-159,Top Readers by Country per Issue — 5th Issue (rank 1–10),comm.leader.top_countries.issue_5th,United States; India; Japan; Philippines; France; Colombia; China; Suriname; Brazil; Argentina,exact,country_ranking,list,NOT SPECIFIED IN THE SOURCE DOCUMENT,20,The LEADER Magazine,CONTEXT,—,digital_channel,The LEADER Magazine,January–October 2025,Top Readers by Country per Issue,H,extracted,,
IND-160,Top Readers by Country per Issue — 6th Issue (rank 1–10),comm.leader.top_countries.issue_6th,India; United States; Japan; Malaysia; Philippines; China; Ecuador; Colombia; Australia; Ireland,exact,country_ranking,list,NOT SPECIFIED IN THE SOURCE DOCUMENT,20,The LEADER Magazine,CONTEXT,—,digital_channel,The LEADER Magazine,January–October 2025,Top Readers by Country per Issue,H,extracted,,
IND-161,Top Readers by Country per Issue — 7th Issue (rank 1–10),comm.leader.top_countries.issue_7th,India; United States; Philippines; Madagascar; Bangladesh; Germany; China; Japan; Suriname; Canada,exact,country_ranking,list,NOT SPECIFIED IN THE SOURCE DOCUMENT,20,The LEADER Magazine,CONTEXT,—,digital_channel,The LEADER Magazine,January–October 2025,Top Readers by Country per Issue,H,extracted,,
IND-162,"active users since the October 6, 2025 launch",comm.website.active_users.since_relaunch,8700,at_least,user,integer,NOT SPECIFIED IN THE SOURCE DOCUMENT,21,The New Face of JCI Online,OUTPUT,—,digital_channel,jci.cc,since 2025-10-06,"the website attracted more than 8,700 active users since its redesign launch from over 50 countries",H,extracted,DQC-26,
IND-163,countries of active users,comm.website.countries,50,at_least,country,integer,NOT SPECIFIED IN THE SOURCE DOCUMENT,21,The New Face of JCI Online,OUTPUT,—,digital_channel,jci.cc,since 2025-10-06,from over 50 countries,H,extracted,,
IND-164,direct and organic traffic share,comm.website.direct_organic_share,0.9,approx,ratio,percentage,NOT SPECIFIED IN THE SOURCE DOCUMENT,21,The New Face of JCI Online,CONTEXT,—,digital_channel,jci.cc,NOT SPECIFIED,together account for nearly 90 percent of all visits,M,extracted,,
IND-165,Active Users by Device — Mobile Phone,comm.website.devices.mobile,6017,exact,user,integer,NOT SPECIFIED IN THE SOURCE DOCUMENT,22,The New Face of JCI Online,CONTEXT,—,digital_channel,jci.cc,NOT SPECIFIED,"Mobile Phone 6,017 (45.07%)",H,extracted,,
IND-166,Active Users by Device — Mobile Phone — share,comm.website.devices.mobile.share,0.4507,exact,ratio,percentage,NOT SPECIFIED IN THE SOURCE DOCUMENT,22,The New Face of JCI Online,CONTEXT,—,digital_channel,jci.cc,NOT SPECIFIED,"Mobile Phone 6,017 (45.07%)",H,extracted,,
IND-167,Active Users by Device — Tablet,comm.website.devices.tablet,79,exact,user,integer,NOT SPECIFIED IN THE SOURCE DOCUMENT,22,The New Face of JCI Online,CONTEXT,—,digital_channel,jci.cc,NOT SPECIFIED,Tablet 79 (0.59%),H,extracted,,
IND-168,Active Users by Device — Tablet — share,comm.website.devices.tablet.share,0.0059,exact,ratio,percentage,NOT SPECIFIED IN THE SOURCE DOCUMENT,22,The New Face of JCI Online,CONTEXT,—,digital_channel,jci.cc,NOT SPECIFIED,Tablet 79 (0.59%),H,extracted,,
IND-169,Active Users by Device — Computer or Laptop,comm.website.devices.computer,7255,exact,user,integer,NOT SPECIFIED IN THE SOURCE DOCUMENT,22,The New Face of JCI Online,CONTEXT,—,digital_channel,jci.cc,NOT SPECIFIED,"Computer or Laptop 7,255 (54.34%)",H,extracted,,
IND-170,Active Users by Device — Computer or Laptop — share,comm.website.devices.computer.share,0.5434,exact,ratio,percentage,NOT SPECIFIED IN THE SOURCE DOCUMENT,22,The New Face of JCI Online,CONTEXT,—,digital_channel,jci.cc,NOT SPECIFIED,"Computer or Laptop 7,255 (54.34%)",H,extracted,,
IND-171,Average Session Duration,comm.website.avg_session,0:02:37,exact,h:mm:ss,duration,NOT SPECIFIED IN THE SOURCE DOCUMENT,22,The New Face of JCI Online,OUTPUT,—,digital_channel,jci.cc,NOT SPECIFIED,2m 37s Average Session Duration,H,extracted,,
IND-172,Total Page Views,comm.website.page_views,29535,exact,page_view,integer,NOT SPECIFIED IN THE SOURCE DOCUMENT,22,The New Face of JCI Online,OUTPUT,—,digital_channel,jci.cc,NOT SPECIFIED,"29,535 Total Page Views",H,extracted,,
IND-173,Total Event Count,comm.website.event_count,88350,exact,event,integer,NOT SPECIFIED IN THE SOURCE DOCUMENT,22,The New Face of JCI Online,OUTPUT,—,digital_channel,jci.cc,NOT SPECIFIED,"88,350 Total Event Count",H,extracted,,"web analytics events, not JCI events"
IND-174,Total Active Users,comm.website.active_users.total,13351,exact,user,integer,NOT SPECIFIED IN THE SOURCE DOCUMENT,22,The New Face of JCI Online,OUTPUT,—,digital_channel,jci.cc,NOT SPECIFIED,"13,351 Total Active Users",H,extracted,DQC-26,
IND-175,Total Global Participation (CYE),output.cye.participants.total,108,exact,entrepreneur,integer,NOT SPECIFIED IN THE SOURCE DOCUMENT,28,Creative Young Entrepreneur (CYE),OUTPUT,Business & Entrepreneurship,event,5 international stages,2024–2025,Total Global Participation 108 entrepreneurs across five international stages,H,extracted,,
IND-176,international stages (CYE),activity.cye.stages,5,exact,event,integer,NOT SPECIFIED IN THE SOURCE DOCUMENT,28,Creative Young Entrepreneur (CYE),ACTIVITY,Business & Entrepreneurship,event,5 international stages,2024–2025,108 entrepreneurs across five international stages,H,extracted,,
IND-177,"CYE Participation in Conferences — 2024 World Congress (Taoyuan, Taiwan)",output.cye.participants.wc2024,25,exact,entrepreneur,integer,NOT SPECIFIED IN THE SOURCE DOCUMENT,28,Creative Young Entrepreneur (CYE),OUTPUT,Business & Entrepreneurship,event,"2024 World Congress (Taoyuan, Taiwan)",2024–2025,25,L,extracted,VDA-01,label association inferred from text order (VDA-01); only the value is official
IND-178,CYE Participation in Conferences — 2025 JCI Conference of America (Roatán),output.cye.participants.america,12,exact,entrepreneur,integer,NOT SPECIFIED IN THE SOURCE DOCUMENT,28,Creative Young Entrepreneur (CYE),OUTPUT,Business & Entrepreneurship,event,2025 JCI Conference of America (Roatán),2024–2025,12,L,extracted,VDA-01,label association inferred from text order (VDA-01); only the value is official
IND-179,CYE Participation in Conferences — 2025 JCI Africa & Middle East Conference (Durban),output.cye.participants.afme,24,exact,entrepreneur,integer,NOT SPECIFIED IN THE SOURCE DOCUMENT,28,Creative Young Entrepreneur (CYE),OUTPUT,Business & Entrepreneurship,event,2025 JCI Africa & Middle East Conference (Durban),2024–2025,24,L,extracted,VDA-01,label association inferred from text order (VDA-01); only the value is official
IND-180,CYE Participation in Conferences — 2025 JCI European Conference (Herning),output.cye.participants.europe,9,exact,entrepreneur,integer,NOT SPECIFIED IN THE SOURCE DOCUMENT,28,Creative Young Entrepreneur (CYE),OUTPUT,Business & Entrepreneurship,event,2025 JCI European Conference (Herning),2024–2025,9,L,extracted,VDA-01,label association inferred from text order (VDA-01); only the value is official
IND-181,CYE Participation in Conferences — 2025 JCI Asia & the Pacific Conference (Ulaanbaatar),output.cye.participants.aspac,38,exact,entrepreneur,integer,NOT SPECIFIED IN THE SOURCE DOCUMENT,28,Creative Young Entrepreneur (CYE),OUTPUT,Business & Entrepreneurship,event,2025 JCI Asia & the Pacific Conference (Ulaanbaatar),2024–2025,38,L,extracted,VDA-01,label association inferred from text order (VDA-01); only the value is official
IND-182,Rural Students Reached (Chigubhu Lantern),venture.zartech.students_reached,2000,at_least,person,integer,NOT SPECIFIED IN THE SOURCE DOCUMENT,29,CYE Impact Stories,OUTPUT,Business & Entrepreneurship,individual_venture,Zartech (JCI Zimbabwe),NOT SPECIFIED,"has already reached over 2,000 rural students",M,extracted,,
IND-183,planned additional beneficiaries in 2025 (Chigubhu Lantern),venture.zartech.target_2025,6000,exact,person,integer,NOT SPECIFIED IN THE SOURCE DOCUMENT,29,CYE Impact Stories,UNCERTAIN,Business & Entrepreneurship,individual_venture,Zartech (JCI Zimbabwe),2025,"with plans to impact 6,000 more in 2025",H,extracted,,"TARGET, not a result"
IND-184,Solar Capacity Installed,venture.zartech.solar_capacity,100,at_least,kW,decimal,NOT SPECIFIED IN THE SOURCE DOCUMENT,29,CYE Impact Stories,UNCERTAIN,Business & Entrepreneurship,individual_venture,Zartech (JCI Zimbabwe),NOT SPECIFIED,installed over 100kW of solar capacity,H,extracted,,
IND-185,new SKUs introduced in one year,venture.integra.new_skus,30,at_least,sku,integer,NOT SPECIFIED IN THE SOURCE DOCUMENT,30,CYE Impact Stories,UNCERTAIN,Business & Entrepreneurship,individual_venture,Integra Project Management (JCI Panama),NOT SPECIFIED,introducing over 30 new SKUs in one year,H,extracted,,
IND-186,first-order quality rate,venture.integra.first_order_quality,0.97,exact,ratio,percentage,NOT SPECIFIED IN THE SOURCE DOCUMENT,30,CYE Impact Stories,UNCERTAIN,Business & Entrepreneurship,individual_venture,Integra Project Management (JCI Panama),NOT SPECIFIED,with a 97% first-order quality rate,H,extracted,,
IND-187,reduction of time-to-market,venture.integra.time_to_market_reduction,0.3,at_least,ratio,percentage,NOT SPECIFIED IN THE SOURCE DOCUMENT,30,CYE Impact Stories,UNCERTAIN,Business & Entrepreneurship,individual_venture,Integra Project Management (JCI Panama),NOT SPECIFIED,reducing time-to-market by more than 30%,H,extracted,,
IND-188,tons of CO2 emissions reduced annually (partners),venture.integra.co2_reduced,250,at_least,tCO2_per_year,decimal,NOT SPECIFIED IN THE SOURCE DOCUMENT,30,CYE Impact Stories,IMPACT-CLAIM,Business & Entrepreneurship,individual_venture,Integra Project Management (JCI Panama),NOT SPECIFIED,helping partners cut 250 tons of CO2 emissions annually,H,extracted,,"claim, no method"
IND-189,food waste processed,venture.japjap.food_waste_processed,100,at_least,tonne,decimal,NOT SPECIFIED IN THE SOURCE DOCUMENT,31,CYE Impact Stories,UNCERTAIN,Business & Entrepreneurship,individual_venture,"JAPJAP Zero Waste (JCI Hong Kong, China)",NOT SPECIFIED,over 100 tonnes of food waste processed,H,extracted,,
IND-190,people reached through education and outreach,venture.japjap.people_reached_outreach,50000,at_least,person,integer,NOT SPECIFIED IN THE SOURCE DOCUMENT,31,CYE Impact Stories,OUTPUT,Business & Entrepreneurship,individual_venture,"JAPJAP Zero Waste (JCI Hong Kong, China)",NOT SPECIFIED,"more than 50,000 people reached through education and outreach",H,extracted,,
IND-191,participants in JIB sessions at Area Conferences,output.jib.participants.total,345,exact,person,integer,NOT SPECIFIED IN THE SOURCE DOCUMENT,33 (+34),JCI in Business (JIB),OUTPUT,Business & Entrepreneurship,event,Area Conferences,2025,these events drew 345 participants,H,extracted,,
IND-192,JCI in Business (JIB) Participation from Different Areas — Asia and the Pacific,output.jib.participants.aspac,159,exact,person,integer,NOT SPECIFIED IN THE SOURCE DOCUMENT,34,JCI in Business (JIB),OUTPUT,Business & Entrepreneurship,geographic_area,ASPAC,2025,Asia and the Pacific 159,H,extracted,,
IND-193,JCI in Business (JIB) Participation from Different Areas — Asia and the Pacific — share,output.jib.participants.aspac.share,0.46090000000000003,exact,ratio,percentage,NOT SPECIFIED IN THE SOURCE DOCUMENT,34,JCI in Business (JIB),OUTPUT,Business & Entrepreneurship,geographic_area,ASPAC,2025,Asia and the Pacific 159 (46.09%),H,extracted,,
IND-194,JCI in Business (JIB) Participation from Different Areas — America,output.jib.participants.america,29,exact,person,integer,NOT SPECIFIED IN THE SOURCE DOCUMENT,34,JCI in Business (JIB),OUTPUT,Business & Entrepreneurship,geographic_area,AMERICA,2025,America 29,H,extracted,,
IND-195,JCI in Business (JIB) Participation from Different Areas — America — share,output.jib.participants.america.share,0.08410000000000001,exact,ratio,percentage,NOT SPECIFIED IN THE SOURCE DOCUMENT,34,JCI in Business (JIB),OUTPUT,Business & Entrepreneurship,geographic_area,AMERICA,2025,America 29 (8.41%),H,extracted,,
IND-196,JCI in Business (JIB) Participation from Different Areas — Africa and the Middle East,output.jib.participants.afme,75,exact,person,integer,NOT SPECIFIED IN THE SOURCE DOCUMENT,34,JCI in Business (JIB),OUTPUT,Business & Entrepreneurship,geographic_area,AFME,2025,Africa and the Middle East 75,H,extracted,,
IND-197,JCI in Business (JIB) Participation from Different Areas — Africa and the Middle East — share,output.jib.participants.afme.share,0.21739999999999998,exact,ratio,percentage,NOT SPECIFIED IN THE SOURCE DOCUMENT,34,JCI in Business (JIB),OUTPUT,Business & Entrepreneurship,geographic_area,AFME,2025,Africa and the Middle East 75 (21.74%),H,extracted,,
IND-198,JCI in Business (JIB) Participation from Different Areas — Europe,output.jib.participants.europe,82,exact,person,integer,NOT SPECIFIED IN THE SOURCE DOCUMENT,34,JCI in Business (JIB),OUTPUT,Business & Entrepreneurship,geographic_area,EUROPE,2025,Europe 82,H,extracted,,
IND-199,JCI in Business (JIB) Participation from Different Areas — Europe — share,output.jib.participants.europe.share,0.2377,exact,ratio,percentage,NOT SPECIFIED IN THE SOURCE DOCUMENT,34,JCI in Business (JIB),OUTPUT,Business & Entrepreneurship,geographic_area,EUROPE,2025,Europe 82 (23.77%),H,extracted,,
IND-200,entrepreneurs and small business owners trained and supported (Karolin Linden),member_initiative.linden.trained,30,at_least,person,integer,NOT SPECIFIED IN THE SOURCE DOCUMENT,35,JIB Impact Stories,OUTPUT,Business & Entrepreneurship,individual_member,Karolin Linden (JCI Germany),NOT SPECIFIED,directly trained and supported over 30 entrepreneurs and small business owners,H,extracted,,
IND-201,revenue growth for some supported businesses,member_initiative.linden.revenue_growth,0.2,at_most,ratio,percentage,NOT SPECIFIED IN THE SOURCE DOCUMENT,35,JIB Impact Stories,OUTCOME,Business & Entrepreneurship,individual_member,Karolin Linden (JCI Germany),NOT SPECIFIED,helping some grow their revenue by up to 20%,L,extracted,,
IND-202,professionals impacted in less than a year (Debora Veneziano Paes),member_initiative.paes.professionals,120,at_least,person,integer,NOT SPECIFIED IN THE SOURCE DOCUMENT,36,JIB Impact Stories,OUTPUT,Business & Entrepreneurship,individual_member,Debora Veneziano Paes (JCI Brazil),< 1 year,directly impacting over 120 professionals in less than a year,H,extracted,,
IND-203,aspiring entrepreneurs trained (Ashley Pe Yeh Teng),member_initiative.teng.trained,30,at_least,person,integer,NOT SPECIFIED IN THE SOURCE DOCUMENT,37,JIB Impact Stories,OUTPUT,Business & Entrepreneurship,individual_member,Ashley Pe Yeh Teng (JCI Malaysia),NOT SPECIFIED,Trained over 30 aspiring entrepreneurs,H,extracted,,
IND-204,local businesses collaborated (Ashley Pe Yeh Teng),member_initiative.teng.businesses,5,exact,business,integer,NOT SPECIFIED IN THE SOURCE DOCUMENT,37,JIB Impact Stories,OUTPUT,Business & Entrepreneurship,individual_member,Ashley Pe Yeh Teng (JCI Malaysia),NOT SPECIFIED,Collaborated with 5 local businesses,H,extracted,,
IND-205,year company created (Youssef Ouattara),member_initiative.ouattara.company_year,2018,exact,year,date_year,NOT SPECIFIED IN THE SOURCE DOCUMENT,38,JIB Impact Stories,OUTCOME,Business & Entrepreneurship,individual_member,Youssef Ouattara (JCI Côte d'Ivoire),NOT SPECIFIED,we created our company in 2018,L,extracted,,
IND-206,Total Certified Trainers at Events,output.trainer_certification.total,97,exact,person,integer,NOT SPECIFIED IN THE SOURCE DOCUMENT,41,Skills Development,UNCERTAIN,Individual Development,event,Area Conferences 2025,2025,Total Certified Trainers at Events 97,H,extracted,,chart titled 'Training Certification Participation': certified vs participating ambiguous
IND-207,Training Certification Participation — 2025 JCI Asia & the Pacific Conference (Ulaanbaatar),output.trainer_certification.aspac,44,exact,person,integer,NOT SPECIFIED IN THE SOURCE DOCUMENT,41,Skills Development,UNCERTAIN,Individual Development,event,2025 JCI Asia & the Pacific Conference (Ulaanbaatar),2024–2025,2025 JCI Asia & the Pacific Conference (Ulaanbaatar) 44 (45.36%),H,extracted,,
IND-208,Training Certification Participation — 2025 JCI Asia & the Pacific Conference (Ulaanbaatar) — share,output.trainer_certification.aspac.share,0.4536,exact,ratio,percentage,NOT SPECIFIED IN THE SOURCE DOCUMENT,41,Skills Development,UNCERTAIN,Individual Development,event,2025 JCI Asia & the Pacific Conference (Ulaanbaatar),2024–2025,2025 JCI Asia & the Pacific Conference (Ulaanbaatar) 44 (45.36%),H,extracted,,
IND-209,Training Certification Participation — 2025 JCI Conference of America (Roatán),output.trainer_certification.america,16,exact,person,integer,NOT SPECIFIED IN THE SOURCE DOCUMENT,41,Skills Development,UNCERTAIN,Individual Development,event,2025 JCI Conference of America (Roatán),2024–2025,2025 JCI Conference of America (Roatán) 16 (16.49%),H,extracted,,
IND-210,Training Certification Participation — 2025 JCI Conference of America (Roatán) — share,output.trainer_certification.america.share,0.1649,exact,ratio,percentage,NOT SPECIFIED IN THE SOURCE DOCUMENT,41,Skills Development,UNCERTAIN,Individual Development,event,2025 JCI Conference of America (Roatán),2024–2025,2025 JCI Conference of America (Roatán) 16 (16.49%),H,extracted,,
IND-211,Training Certification Participation — 2025 JCI Africa & Middle East Conference (Durban),output.trainer_certification.afme,21,exact,person,integer,NOT SPECIFIED IN THE SOURCE DOCUMENT,41,Skills Development,UNCERTAIN,Individual Development,event,2025 JCI Africa & Middle East Conference (Durban),2024–2025,2025 JCI Africa & Middle East Conference (Durban) 21 (21.65%),H,extracted,,
IND-212,Training Certification Participation — 2025 JCI Africa & Middle East Conference (Durban) — share,output.trainer_certification.afme.share,0.2165,exact,ratio,percentage,NOT SPECIFIED IN THE SOURCE DOCUMENT,41,Skills Development,UNCERTAIN,Individual Development,event,2025 JCI Africa & Middle East Conference (Durban),2024–2025,2025 JCI Africa & Middle East Conference (Durban) 21 (21.65%),H,extracted,,
IND-213,Training Certification Participation — 2025 JCI European Conference (Herning),output.trainer_certification.europe,16,exact,person,integer,NOT SPECIFIED IN THE SOURCE DOCUMENT,41,Skills Development,UNCERTAIN,Individual Development,event,2025 JCI European Conference (Herning),2024–2025,2025 JCI European Conference (Herning) 16 (16.49%),H,extracted,,
IND-214,Training Certification Participation — 2025 JCI European Conference (Herning) — share,output.trainer_certification.europe.share,0.1649,exact,ratio,percentage,NOT SPECIFIED IN THE SOURCE DOCUMENT,41,Skills Development,UNCERTAIN,Individual Development,event,2025 JCI European Conference (Herning),2024–2025,2025 JCI European Conference (Herning) 16 (16.49%),H,extracted,,
IND-215,Total Participants (Overall),output.event_trainings.participants,1969,exact,person,integer,NOT SPECIFIED IN THE SOURCE DOCUMENT,42,Trainings at Area Conferences and World Congress,OUTPUT,Individual Development,event,Area Conferences + World Congress,NOT SPECIFIED,"Total Participants (Overall) 1,969",H,extracted,,
IND-216,Participation in Conferences (trainings) — per conference,output.event_trainings.participants.by_conference,,,person,integer,NOT SPECIFIED IN THE SOURCE DOCUMENT,42,Trainings at Area Conferences and World Congress,OUTPUT,Individual Development,event,4 Area Conferences,NOT SPECIFIED,—,H,visual_data_not_extracted,VDX-02,
IND-217,Public Speaking Participation — 2025 JCI Asia & the Pacific Conference (Ulaanbaatar),output.public_speaking.aspac,14,exact,person,integer,NOT SPECIFIED IN THE SOURCE DOCUMENT,43,Public Speaking Competition,OUTPUT,Individual Development,event,2025 JCI Asia & the Pacific Conference (Ulaanbaatar),2024–2025,2025 JCI Asia & the Pacific Conference (Ulaanbaatar) 14 (26.92%),H,extracted,,
IND-218,Public Speaking Participation — 2025 JCI Asia & the Pacific Conference (Ulaanbaatar) — share,output.public_speaking.aspac.share,0.2692,exact,ratio,percentage,NOT SPECIFIED IN THE SOURCE DOCUMENT,43,Public Speaking Competition,OUTPUT,Individual Development,event,2025 JCI Asia & the Pacific Conference (Ulaanbaatar),2024–2025,2025 JCI Asia & the Pacific Conference (Ulaanbaatar) 14 (26.92%),H,extracted,,
IND-219,Public Speaking Participation — 2025 JCI Conference of America (Roatán),output.public_speaking.america,14,exact,person,integer,NOT SPECIFIED IN THE SOURCE DOCUMENT,43,Public Speaking Competition,OUTPUT,Individual Development,event,2025 JCI Conference of America (Roatán),2024–2025,2025 JCI Conference of America (Roatán) 14 (26.92%),H,extracted,,
IND-220,Public Speaking Participation — 2025 JCI Conference of America (Roatán) — share,output.public_speaking.america.share,0.2692,exact,ratio,percentage,NOT SPECIFIED IN THE SOURCE DOCUMENT,43,Public Speaking Competition,OUTPUT,Individual Development,event,2025 JCI Conference of America (Roatán),2024–2025,2025 JCI Conference of America (Roatán) 14 (26.92%),H,extracted,,
IND-221,Public Speaking Participation — 2025 JCI Africa & Middle East Conference (Durban),output.public_speaking.afme,14,exact,person,integer,NOT SPECIFIED IN THE SOURCE DOCUMENT,43,Public Speaking Competition,OUTPUT,Individual Development,event,2025 JCI Africa & Middle East Conference (Durban),2024–2025,2025 JCI Africa & Middle East Conference (Durban) 14 (26.92%),H,extracted,,
IND-222,Public Speaking Participation — 2025 JCI Africa & Middle East Conference (Durban) — share,output.public_speaking.afme.share,0.2692,exact,ratio,percentage,NOT SPECIFIED IN THE SOURCE DOCUMENT,43,Public Speaking Competition,OUTPUT,Individual Development,event,2025 JCI Africa & Middle East Conference (Durban),2024–2025,2025 JCI Africa & Middle East Conference (Durban) 14 (26.92%),H,extracted,,
IND-223,Public Speaking Participation — 2025 JCI European Conference (Herning),output.public_speaking.europe,10,exact,person,integer,NOT SPECIFIED IN THE SOURCE DOCUMENT,43,Public Speaking Competition,OUTPUT,Individual Development,event,2025 JCI European Conference (Herning),2024–2025,2025 JCI European Conference (Herning) 10 (19.23%),H,extracted,,
IND-224,Public Speaking Participation — 2025 JCI European Conference (Herning) — share,output.public_speaking.europe.share,0.1923,exact,ratio,percentage,NOT SPECIFIED IN THE SOURCE DOCUMENT,43,Public Speaking Competition,OUTPUT,Individual Development,event,2025 JCI European Conference (Herning),2024–2025,2025 JCI European Conference (Herning) 10 (19.23%),H,extracted,,
IND-225,Public Speaking Participation — total,output.public_speaking.total,52,exact,person,integer,NOT SPECIFIED IN THE SOURCE DOCUMENT,43,Public Speaking Competition,OUTPUT,Individual Development,event,4 Area Conferences,2025,10 (19.23%) 52,H,extracted,,
IND-226,audience of Tosagua Intercollegiate Debate and Public Speaking Program,member_initiative.cedeno.audience,200,exact,person,integer,NOT SPECIFIED IN THE SOURCE DOCUMENT,45,Public Speaking Impact Stories,OUTPUT,Individual Development,individual_member,Ángel Cedeño Macías (JCI Ecuador),NOT SPECIFIED,"an audience of 200 community leaders, educators, and families",H,extracted,,
IND-227,"Debating Participation — 2024 World Congress (Taoyuan, Taiwan) — English Teams",output.debating.wc2024.english,7,exact,team,integer,NOT SPECIFIED IN THE SOURCE DOCUMENT,48,Debating Championship,OUTPUT,Individual Development,event,"2024 World Congress (Taoyuan, Taiwan)",2024–2025,"2024 World Congress (Taoyuan, Taiwan) … 7",H,extracted,,
IND-228,"Debating Participation — 2024 World Congress (Taoyuan, Taiwan) — French Teams",output.debating.wc2024.french,1,exact,team,integer,NOT SPECIFIED IN THE SOURCE DOCUMENT,48,Debating Championship,OUTPUT,Individual Development,event,"2024 World Congress (Taoyuan, Taiwan)",2024–2025,"2024 World Congress (Taoyuan, Taiwan) … 1",H,extracted,,
IND-229,"Debating Participation — 2024 World Congress (Taoyuan, Taiwan) — Spanish Teams",output.debating.wc2024.spanish,3,exact,team,integer,NOT SPECIFIED IN THE SOURCE DOCUMENT,48,Debating Championship,OUTPUT,Individual Development,event,"2024 World Congress (Taoyuan, Taiwan)",2024–2025,"2024 World Congress (Taoyuan, Taiwan) … 3",H,extracted,,
IND-230,"Debating Participation — 2024 World Congress (Taoyuan, Taiwan) — Total",output.debating.wc2024.total,11,exact,team,integer,NOT SPECIFIED IN THE SOURCE DOCUMENT,48,Debating Championship,OUTPUT,Individual Development,event,"2024 World Congress (Taoyuan, Taiwan)",2024–2025,"2024 World Congress (Taoyuan, Taiwan) … 11",H,extracted,,
IND-231,Debating Participation — 2025 JCI Conference of America (Roatán) — English Teams,output.debating.america.english,6,exact,team,integer,NOT SPECIFIED IN THE SOURCE DOCUMENT,48,Debating Championship,OUTPUT,Individual Development,event,2025 JCI Conference of America (Roatán),2024–2025,2025 JCI Conference of America (Roatán) … 6,H,extracted,,
IND-232,Debating Participation — 2025 JCI Conference of America (Roatán) — French Teams,output.debating.america.french,,,team,integer,NOT SPECIFIED IN THE SOURCE DOCUMENT,48,Debating Championship,OUTPUT,Individual Development,event,2025 JCI Conference of America (Roatán),2024–2025,—,H,unknown,,"cell printed as '-' : not stored as 0 (P4). Candidate: '-' = 0, consistent with column totals 37/10/10 (SEMANTIC_INTERPRETATION, H, not adopted)"
IND-233,Debating Participation — 2025 JCI Conference of America (Roatán) — Spanish Teams,output.debating.america.spanish,7,exact,team,integer,NOT SPECIFIED IN THE SOURCE DOCUMENT,48,Debating Championship,OUTPUT,Individual Development,event,2025 JCI Conference of America (Roatán),2024–2025,2025 JCI Conference of America (Roatán) … 7,H,extracted,,
IND-234,Debating Participation — 2025 JCI Conference of America (Roatán) — Total,output.debating.america.total,13,exact,team,integer,NOT SPECIFIED IN THE SOURCE DOCUMENT,48,Debating Championship,OUTPUT,Individual Development,event,2025 JCI Conference of America (Roatán),2024–2025,2025 JCI Conference of America (Roatán) … 13,H,extracted,,
IND-235,Debating Participation — 2025 JCI Africa & Middle East Conference (Durban) — English Teams,output.debating.afme.english,6,exact,team,integer,NOT SPECIFIED IN THE SOURCE DOCUMENT,48,Debating Championship,OUTPUT,Individual Development,event,2025 JCI Africa & Middle East Conference (Durban),2024–2025,2025 JCI Africa & Middle East Conference (Durban) … 6,H,extracted,,
IND-236,Debating Participation — 2025 JCI Africa & Middle East Conference (Durban) — French Teams,output.debating.afme.french,7,exact,team,integer,NOT SPECIFIED IN THE SOURCE DOCUMENT,48,Debating Championship,OUTPUT,Individual Development,event,2025 JCI Africa & Middle East Conference (Durban),2024–2025,2025 JCI Africa & Middle East Conference (Durban) … 7,H,extracted,,
IND-237,Debating Participation — 2025 JCI Africa & Middle East Conference (Durban) — Spanish Teams,output.debating.afme.spanish,,,team,integer,NOT SPECIFIED IN THE SOURCE DOCUMENT,48,Debating Championship,OUTPUT,Individual Development,event,2025 JCI Africa & Middle East Conference (Durban),2024–2025,—,H,unknown,,"cell printed as '-' : not stored as 0 (P4). Candidate: '-' = 0, consistent with column totals 37/10/10 (SEMANTIC_INTERPRETATION, H, not adopted)"
IND-238,Debating Participation — 2025 JCI Africa & Middle East Conference (Durban) — Total,output.debating.afme.total,13,exact,team,integer,NOT SPECIFIED IN THE SOURCE DOCUMENT,48,Debating Championship,OUTPUT,Individual Development,event,2025 JCI Africa & Middle East Conference (Durban),2024–2025,2025 JCI Africa & Middle East Conference (Durban) … 13,H,extracted,,
IND-239,Debating Participation — 2025 JCI European Conference (Herning) — English Teams,output.debating.europe.english,7,exact,team,integer,NOT SPECIFIED IN THE SOURCE DOCUMENT,48,Debating Championship,OUTPUT,Individual Development,event,2025 JCI European Conference (Herning),2024–2025,2025 JCI European Conference (Herning) … 7,H,extracted,,
IND-240,Debating Participation — 2025 JCI European Conference (Herning) — French Teams,output.debating.europe.french,2,exact,team,integer,NOT SPECIFIED IN THE SOURCE DOCUMENT,48,Debating Championship,OUTPUT,Individual Development,event,2025 JCI European Conference (Herning),2024–2025,2025 JCI European Conference (Herning) … 2,H,extracted,,
IND-241,Debating Participation — 2025 JCI European Conference (Herning) — Spanish Teams,output.debating.europe.spanish,,,team,integer,NOT SPECIFIED IN THE SOURCE DOCUMENT,48,Debating Championship,OUTPUT,Individual Development,event,2025 JCI European Conference (Herning),2024–2025,—,H,unknown,,"cell printed as '-' : not stored as 0 (P4). Candidate: '-' = 0, consistent with column totals 37/10/10 (SEMANTIC_INTERPRETATION, H, not adopted)"
IND-242,Debating Participation — 2025 JCI European Conference (Herning) — Total,output.debating.europe.total,9,exact,team,integer,NOT SPECIFIED IN THE SOURCE DOCUMENT,48,Debating Championship,OUTPUT,Individual Development,event,2025 JCI European Conference (Herning),2024–2025,2025 JCI European Conference (Herning) … 9,H,extracted,,
IND-243,Debating Participation — 2025 JCI Asia & the Pacific Conference (Ulaanbaatar) — English Teams,output.debating.aspac.english,11,exact,team,integer,NOT SPECIFIED IN THE SOURCE DOCUMENT,48,Debating Championship,OUTPUT,Individual Development,event,2025 JCI Asia & the Pacific Conference (Ulaanbaatar),2024–2025,2025 JCI Asia & the Pacific Conference (Ulaanbaatar) … 11,H,extracted,,
IND-244,Debating Participation — 2025 JCI Asia & the Pacific Conference (Ulaanbaatar) — French Teams,output.debating.aspac.french,,,team,integer,NOT SPECIFIED IN THE SOURCE DOCUMENT,48,Debating Championship,OUTPUT,Individual Development,event,2025 JCI Asia & the Pacific Conference (Ulaanbaatar),2024–2025,—,H,unknown,,"cell printed as '-' : not stored as 0 (P4). Candidate: '-' = 0, consistent with column totals 37/10/10 (SEMANTIC_INTERPRETATION, H, not adopted)"
IND-245,Debating Participation — 2025 JCI Asia & the Pacific Conference (Ulaanbaatar) — Spanish Teams,output.debating.aspac.spanish,,,team,integer,NOT SPECIFIED IN THE SOURCE DOCUMENT,48,Debating Championship,OUTPUT,Individual Development,event,2025 JCI Asia & the Pacific Conference (Ulaanbaatar),2024–2025,—,H,unknown,,"cell printed as '-' : not stored as 0 (P4). Candidate: '-' = 0, consistent with column totals 37/10/10 (SEMANTIC_INTERPRETATION, H, not adopted)"
IND-246,Debating Participation — 2025 JCI Asia & the Pacific Conference (Ulaanbaatar) — Total,output.debating.aspac.total,11,exact,team,integer,NOT SPECIFIED IN THE SOURCE DOCUMENT,48,Debating Championship,OUTPUT,Individual Development,event,2025 JCI Asia & the Pacific Conference (Ulaanbaatar),2024–2025,2025 JCI Asia & the Pacific Conference (Ulaanbaatar) … 11,H,extracted,,
IND-247,Debating Participation — Total — English Teams,output.debating.total.english,37,exact,team,integer,NOT SPECIFIED IN THE SOURCE DOCUMENT,48,Debating Championship,OUTPUT,Individual Development,event,5 events,2024–2025,Total 37 10 10 57,H,extracted,,
IND-248,Debating Participation — Total — French Teams,output.debating.total.french,10,exact,team,integer,NOT SPECIFIED IN THE SOURCE DOCUMENT,48,Debating Championship,OUTPUT,Individual Development,event,5 events,2024–2025,Total 37 10 10 57,H,extracted,,
IND-249,Debating Participation — Total — Spanish Teams,output.debating.total.spanish,10,exact,team,integer,NOT SPECIFIED IN THE SOURCE DOCUMENT,48,Debating Championship,OUTPUT,Individual Development,event,5 events,2024–2025,Total 37 10 10 57,H,extracted,,
IND-250,Debating Participation — Total — Total,output.debating.total.total,57,exact,team,integer,NOT SPECIFIED IN THE SOURCE DOCUMENT,48,Debating Championship,OUTPUT,Individual Development,event,5 events,2024–2025,Total 37 10 10 57,H,extracted,,
IND-251,Total TOYP Applicants for 2024,output.toyp.applicants,164,exact,person,integer,NOT SPECIFIED IN THE SOURCE DOCUMENT,54,Ten Outstanding Young Persons of the World (TOYP),OUTPUT,International Cooperation,global_network,GLOBAL,2024,164 Total TOYP Applicants for 2024,H,extracted,,
IND-252,Total Global Honorees,output.toyp.honorees,10,exact,person,integer,NOT SPECIFIED IN THE SOURCE DOCUMENT,54,Ten Outstanding Young Persons of the World (TOYP),OUTPUT,International Cooperation,global_network,GLOBAL,2024,10 Total Global Honorees,H,extracted,,
IND-253,Countries Represented (TOYP),output.toyp.countries,8,exact,country,integer,NOT SPECIFIED IN THE SOURCE DOCUMENT,54,Ten Outstanding Young Persons of the World (TOYP),OUTPUT,International Cooperation,global_network,GLOBAL,2024,8 Countries Represented,H,extracted,,
IND-254,entrepreneurs trained across MENA (Mouhamad Kawas),honoree.kawas.trained,400,at_least,person,integer,NOT SPECIFIED IN THE SOURCE DOCUMENT,55,TOYP Impact Stories,OUTPUT,International Cooperation,individual_member,Mouhamad Kawas (JCI Syria),NOT SPECIFIED,400+ entrepreneurs trained across MENA,H,extracted,,
IND-255,conferences delivered (Giovanna Ramírez),honoree.ramirez.conferences,1000,at_least,conference,integer,NOT SPECIFIED IN THE SOURCE DOCUMENT,56,TOYP Impact Stories,ACTIVITY,International Cooperation,individual_member,Giovanna Ramírez (JCI Colombia),NOT SPECIFIED,"1,000+ conferences delivered",H,extracted,,
IND-256,children taken to NASA missions (Giovanna Ramírez),honoree.ramirez.children_nasa,700,at_least,person,integer,NOT SPECIFIED IN THE SOURCE DOCUMENT,56,TOYP Impact Stories,OUTPUT,International Cooperation,individual_member,Giovanna Ramírez (JCI Colombia),NOT SPECIFIED,700+ children taken to NASA missions,H,extracted,,
IND-257,rank of Malaysian TOYP honorees (Lai Chin Wei),honoree.lai.malaysian_rank,16,exact,ordinal,ordinal,NOT SPECIFIED IN THE SOURCE DOCUMENT,57,TOYP Impact Stories,CONTEXT,International Cooperation,individual_member,Lai Chin Wei (JCI Malaysia),NOT SPECIFIED,stands as the 16th Malaysian to earn this honor,H,extracted,,
IND-258,individuals educated on spinal and brain trauma care (Aydın Sinan Apaydın),honoree.apaydin.educated,5000,at_least,person,integer,NOT SPECIFIED IN THE SOURCE DOCUMENT,58,TOYP Impact Stories,OUTPUT,International Cooperation,individual_member,Aydın Sinan Apaydın (JCI Türkiye),NOT SPECIFIED,"educating over 5,000 individuals on spinal and brain trauma care",H,extracted,,
IND-259,participants across global and Area events,output.events.participants.narrative,10000,at_most,person,integer,NOT SPECIFIED IN THE SOURCE DOCUMENT,59,JCI Events Area Conferences and World Congress,OUTPUT,International Cooperation,event,WC 2024 + 4 Area Conferences,2024–2025,"JCI gathered nearly 10,000 participants across its global and Area events",H,extracted,DQC-06,
IND-260,Total Registrations Across All Conferences,output.events.registrations.total,10729,exact,registration,integer,NOT SPECIFIED IN THE SOURCE DOCUMENT,59,JCI Events Area Conferences and World Congress,OUTPUT,International Cooperation,event,WC 2024 + 4 Area Conferences,2024–2025,"Total Registrations Across All Conferences 10,729 Registrations",H,extracted,DQC-06,
IND-261,Total Registrations — 2025 JCI Asia & the Pacific Conference (Ulaanbaatar),output.events.registrations.aspac,5012,exact,registration,integer,NOT SPECIFIED IN THE SOURCE DOCUMENT,59,JCI Events Area Conferences and World Congress,OUTPUT,International Cooperation,event,2025 JCI Asia & the Pacific Conference (Ulaanbaatar),2024–2025,"2025 JCI Asia & the Pacific Conference (Ulaanbaatar) 5,012 (46.71%)",H,extracted,,
IND-262,Total Registrations — 2025 JCI Asia & the Pacific Conference (Ulaanbaatar) — share,output.events.registrations.aspac.share,0.4671,exact,ratio,percentage,NOT SPECIFIED IN THE SOURCE DOCUMENT,59,JCI Events Area Conferences and World Congress,OUTPUT,International Cooperation,event,2025 JCI Asia & the Pacific Conference (Ulaanbaatar),2024–2025,"2025 JCI Asia & the Pacific Conference (Ulaanbaatar) 5,012 (46.71%)",H,extracted,,
IND-263,Total Registrations — 2025 JCI Conference of America (Roatán),output.events.registrations.america,364,exact,registration,integer,NOT SPECIFIED IN THE SOURCE DOCUMENT,59,JCI Events Area Conferences and World Congress,OUTPUT,International Cooperation,event,2025 JCI Conference of America (Roatán),2024–2025,2025 JCI Conference of America (Roatán) 364 (3.39%),H,extracted,,
IND-264,Total Registrations — 2025 JCI Conference of America (Roatán) — share,output.events.registrations.america.share,0.0339,exact,ratio,percentage,NOT SPECIFIED IN THE SOURCE DOCUMENT,59,JCI Events Area Conferences and World Congress,OUTPUT,International Cooperation,event,2025 JCI Conference of America (Roatán),2024–2025,2025 JCI Conference of America (Roatán) 364 (3.39%),H,extracted,,
IND-265,Total Registrations — 2025 JCI Africa & Middle East Conference (Durban),output.events.registrations.afme,429,exact,registration,integer,NOT SPECIFIED IN THE SOURCE DOCUMENT,59,JCI Events Area Conferences and World Congress,OUTPUT,International Cooperation,event,2025 JCI Africa & Middle East Conference (Durban),2024–2025,2025 JCI Africa & Middle East Conference (Durban) 429 (4.0%),H,extracted,,
IND-266,Total Registrations — 2025 JCI Africa & Middle East Conference (Durban) — share,output.events.registrations.afme.share,0.04,exact,ratio,percentage,NOT SPECIFIED IN THE SOURCE DOCUMENT,59,JCI Events Area Conferences and World Congress,OUTPUT,International Cooperation,event,2025 JCI Africa & Middle East Conference (Durban),2024–2025,2025 JCI Africa & Middle East Conference (Durban) 429 (4.0%),H,extracted,,
IND-267,Total Registrations — 2025 JCI European Conference (Herning),output.events.registrations.europe,1068,exact,registration,integer,NOT SPECIFIED IN THE SOURCE DOCUMENT,59,JCI Events Area Conferences and World Congress,OUTPUT,International Cooperation,event,2025 JCI European Conference (Herning),2024–2025,"2025 JCI European Conference (Herning) 1,068 (9.95%)",H,extracted,,
IND-268,Total Registrations — 2025 JCI European Conference (Herning) — share,output.events.registrations.europe.share,0.09949999999999999,exact,ratio,percentage,NOT SPECIFIED IN THE SOURCE DOCUMENT,59,JCI Events Area Conferences and World Congress,OUTPUT,International Cooperation,event,2025 JCI European Conference (Herning),2024–2025,"2025 JCI European Conference (Herning) 1,068 (9.95%)",H,extracted,,
IND-269,"Total Registrations — 2024 World Congress (Taoyuan, Taiwan)",output.events.registrations.wc2024,3856,exact,registration,integer,NOT SPECIFIED IN THE SOURCE DOCUMENT,59,JCI Events Area Conferences and World Congress,OUTPUT,International Cooperation,event,"2024 World Congress (Taoyuan, Taiwan)",2024–2025,"2024 World Congress (Taoyuan, Taiwan) 3,856 (35.95%)",H,extracted,,
IND-270,"Total Registrations — 2024 World Congress (Taoyuan, Taiwan) — share",output.events.registrations.wc2024.share,0.35950000000000004,exact,ratio,percentage,NOT SPECIFIED IN THE SOURCE DOCUMENT,59,JCI Events Area Conferences and World Congress,OUTPUT,International Cooperation,event,"2024 World Congress (Taoyuan, Taiwan)",2024–2025,"2024 World Congress (Taoyuan, Taiwan) 3,856 (35.95%)",H,extracted,,
IND-271,First Timers — 2025 JCI Asia & the Pacific Conference (Ulaanbaatar),output.events.first_timers.aspac,162,exact,person,integer,NOT SPECIFIED IN THE SOURCE DOCUMENT,60,JCI Events Area Conferences and World Congress,OUTPUT,International Cooperation,event,2025 JCI Asia & the Pacific Conference (Ulaanbaatar),2025,"162 First Timers out of 5,012 Attendees",H,extracted,VDA-02,"association by denominator (VDA-02, confidence H)"
IND-272,First Timers — 2025 JCI Conference of America (Roatán),output.events.first_timers.america,82,exact,person,integer,NOT SPECIFIED IN THE SOURCE DOCUMENT,60,JCI Events Area Conferences and World Congress,OUTPUT,International Cooperation,event,2025 JCI Conference of America (Roatán),2025,82 First Timers out of 364 Attendees,H,extracted,VDA-02,"association by denominator (VDA-02, confidence H)"
IND-273,First Timers — 2025 JCI Africa & Middle East Conference (Durban),output.events.first_timers.afme,116,exact,person,integer,NOT SPECIFIED IN THE SOURCE DOCUMENT,60,JCI Events Area Conferences and World Congress,OUTPUT,International Cooperation,event,2025 JCI Africa & Middle East Conference (Durban),2025,116 First Timers out of 429 Attendees,H,extracted,VDA-02,"association by denominator (VDA-02, confidence H)"
IND-274,First Timers — 2025 JCI European Conference (Herning),output.events.first_timers.europe,168,exact,person,integer,NOT SPECIFIED IN THE SOURCE DOCUMENT,60,JCI Events Area Conferences and World Congress,OUTPUT,International Cooperation,event,2025 JCI European Conference (Herning),2025,"168 First Timers out of 1,068 Attendees",H,extracted,VDA-02,"association by denominator (VDA-02, confidence H)"
IND-275,National Organization Attendances per Area Conference (2025),output.events.no_attendance,,,national_organization,integer,NOT SPECIFIED IN THE SOURCE DOCUMENT,60,JCI Events Area Conferences and World Congress,OUTPUT,International Cooperation,event,4 Area Conferences,2025,—,H,visual_data_not_extracted,VDX-03,
IND-276,"Attendees — 2024 World Congress (Taoyuan, Taiwan)",output.events.attendees.wc2024,3856,exact,person,integer,NOT SPECIFIED IN THE SOURCE DOCUMENT,61,2024 JCI World Congress,OUTPUT,International Cooperation,event,"2024 World Congress (Taoyuan, Taiwan)",2024–2025,"3,856 Attendees",H,extracted,DQC-06,same number as registrations p. 59 but labelled 'Attendees': kept as a distinct indicator
IND-277,Attendees — 2025 JCI Africa & Middle East Conference (Durban),output.events.attendees.afme,429,exact,person,integer,NOT SPECIFIED IN THE SOURCE DOCUMENT,64,2025 JCI Africa & Middle East Conference,OUTPUT,International Cooperation,event,2025 JCI Africa & Middle East Conference (Durban),2024–2025,429 Attendees,H,extracted,DQC-06,same number as registrations p. 59 but labelled 'Attendees': kept as a distinct indicator
IND-278,Attendees — 2025 JCI Conference of America (Roatán),output.events.attendees.america,364,exact,person,integer,NOT SPECIFIED IN THE SOURCE DOCUMENT,65,2025 JCI Conference of America,OUTPUT,International Cooperation,event,2025 JCI Conference of America (Roatán),2024–2025,364 Attendees,H,extracted,DQC-06,same number as registrations p. 59 but labelled 'Attendees': kept as a distinct indicator
IND-279,Attendees — 2025 JCI European Conference (Herning),output.events.attendees.europe,1068,exact,person,integer,NOT SPECIFIED IN THE SOURCE DOCUMENT,68,2025 JCI European Conference,OUTPUT,International Cooperation,event,2025 JCI European Conference (Herning),2024–2025,"1,068 Attendees",H,extracted,DQC-06,same number as registrations p. 59 but labelled 'Attendees': kept as a distinct indicator
IND-280,Attendees — 2025 JCI Asia & the Pacific Conference (Ulaanbaatar),output.events.attendees.aspac,5012,exact,person,integer,NOT SPECIFIED IN THE SOURCE DOCUMENT,70,2025 JCI Asia-Pacific Conference,OUTPUT,International Cooperation,event,2025 JCI Asia & the Pacific Conference (Ulaanbaatar),2024–2025,"5,012 Attendees",H,extracted,DQC-06,same number as registrations p. 59 but labelled 'Attendees': kept as a distinct indicator
IND-281,International Human Duties Day date,ihd.day,July 10,exact,date,date,NOT SPECIFIED IN THE SOURCE DOCUMENT,71,International Human Duties Initiative,CONTEXT,International Cooperation,global_network,GLOBAL,NOT SPECIFIED,held annually on July 10,H,extracted,,
IND-282,Universal Declaration of Human Duties for Leaders — launch year,ihd.declaration_launch_year,2022,exact,year,date_year,NOT SPECIFIED IN THE SOURCE DOCUMENT,71,International Human Duties Initiative,CONTEXT,International Cooperation,global_network,GLOBAL,NOT SPECIFIED,launched in 2022,H,extracted,,
IND-283,participants — International Human Duties Celebration (New York),ihd.new_york.participants,100,exact,person,integer,NOT SPECIFIED IN THE SOURCE DOCUMENT,71,International Human Duties Initiative,OUTPUT,International Cooperation,national_organization,JCI USA / JCI New York States,2025,it gathered 100 participants over four days,H,extracted,,
IND-284,days — International Human Duties Celebration (New York),ihd.new_york.days,4,exact,day,integer,NOT SPECIFIED IN THE SOURCE DOCUMENT,71,International Human Duties Initiative,ACTIVITY,International Cooperation,national_organization,JCI USA / JCI New York States,2025,100 participants over four days,H,extracted,,
IND-285,participants — Bridging Connections walk,ihd.new_york.walk_participants,50,at_least,person,integer,NOT SPECIFIED IN THE SOURCE DOCUMENT,71,International Human Duties Initiative,OUTPUT,International Cooperation,national_organization,JCI USA / JCI New York States,2025,More than 50 participants joined the Bridging Connections walk,H,extracted,,
IND-286,food care packages delivered (Bundle of Joy Project),ihd.new_york.food_packages,100,exact,package,integer,NOT SPECIFIED IN THE SOURCE DOCUMENT,71,International Human Duties Initiative,OUTPUT,International Cooperation,national_organization,JCI USA / JCI New York States,2025,delivered 100 food care packages to families in need in Elmhurst,H,extracted,,
IND-287,International Human Duties National Ambassadors selected,ihd.national_ambassadors,78,exact,person,integer,NOT SPECIFIED IN THE SOURCE DOCUMENT,72,International Human Duties Initiative,INPUT,International Cooperation,global_network,GLOBAL,2025,78 International Human Duties National Ambassadors were selected,H,extracted,,
IND-288,International Human Duties Petitions Signed via change.org,ihd.petition_signatures.total,67101,exact,signature,integer,NOT SPECIFIED IN THE SOURCE DOCUMENT,73,International Human Duties Initiative,OUTPUT,International Cooperation,global_network,GLOBAL,2025,"International Human Duties Petitions Signed via change.org … 67,101",H,extracted,,
IND-289,International Human Duties Campaign Signatures per Area — Asia and the Pacific,ihd.petition_signatures.aspac,54921,exact,signature,integer,NOT SPECIFIED IN THE SOURCE DOCUMENT,73,International Human Duties Initiative,OUTPUT,International Cooperation,geographic_area,ASPAC,2025,"Asia and the Pacific 54,921 (81.85%) from 35 Countries",H,extracted,,
IND-290,International Human Duties Campaign Signatures per Area — Asia and the Pacific — share,ihd.petition_signatures.aspac.share,0.8184999999999999,exact,ratio,percentage,NOT SPECIFIED IN THE SOURCE DOCUMENT,73,International Human Duties Initiative,OUTPUT,International Cooperation,geographic_area,ASPAC,2025,"Asia and the Pacific 54,921 (81.85%)",H,extracted,,
IND-291,International Human Duties Campaign Signatures per Area — Asia and the Pacific — countries,ihd.petition_countries.aspac,35,exact,country,integer,NOT SPECIFIED IN THE SOURCE DOCUMENT,73,International Human Duties Initiative,OUTPUT,International Cooperation,geographic_area,ASPAC,2025,from 35 Countries,L,extracted,DQC-23,
IND-292,International Human Duties Campaign Signatures per Area — America,ihd.petition_signatures.america,3656,exact,signature,integer,NOT SPECIFIED IN THE SOURCE DOCUMENT,73,International Human Duties Initiative,OUTPUT,International Cooperation,geographic_area,AMERICA,2025,"America 3,656 (5.45%) from 45 Countries",H,extracted,,
IND-293,International Human Duties Campaign Signatures per Area — America — share,ihd.petition_signatures.america.share,0.0545,exact,ratio,percentage,NOT SPECIFIED IN THE SOURCE DOCUMENT,73,International Human Duties Initiative,OUTPUT,International Cooperation,geographic_area,AMERICA,2025,"America 3,656 (5.45%)",H,extracted,,
IND-294,International Human Duties Campaign Signatures per Area — America — countries,ihd.petition_countries.america,45,exact,country,integer,NOT SPECIFIED IN THE SOURCE DOCUMENT,73,International Human Duties Initiative,OUTPUT,International Cooperation,geographic_area,AMERICA,2025,from 45 Countries,L,extracted,DQC-23,
IND-295,International Human Duties Campaign Signatures per Area — Africa and the Middle East,ihd.petition_signatures.afme,6867,exact,signature,integer,NOT SPECIFIED IN THE SOURCE DOCUMENT,73,International Human Duties Initiative,OUTPUT,International Cooperation,geographic_area,AFME,2025,"Africa and the Middle East 6,867 (10.23%) from 63 Countries",H,extracted,,
IND-296,International Human Duties Campaign Signatures per Area — Africa and the Middle East — share,ihd.petition_signatures.afme.share,0.1023,exact,ratio,percentage,NOT SPECIFIED IN THE SOURCE DOCUMENT,73,International Human Duties Initiative,OUTPUT,International Cooperation,geographic_area,AFME,2025,"Africa and the Middle East 6,867 (10.23%)",H,extracted,,
IND-297,International Human Duties Campaign Signatures per Area — Africa and the Middle East — countries,ihd.petition_countries.afme,63,exact,country,integer,NOT SPECIFIED IN THE SOURCE DOCUMENT,73,International Human Duties Initiative,OUTPUT,International Cooperation,geographic_area,AFME,2025,from 63 Countries,L,extracted,DQC-23,
IND-298,International Human Duties Campaign Signatures per Area — Europe,ihd.petition_signatures.europe,1657,exact,signature,integer,NOT SPECIFIED IN THE SOURCE DOCUMENT,73,International Human Duties Initiative,OUTPUT,International Cooperation,geographic_area,EUROPE,2025,"Europe 1,657 (2.47%) from 48 Countries",H,extracted,,
IND-299,International Human Duties Campaign Signatures per Area — Europe — share,ihd.petition_signatures.europe.share,0.024700000000000003,exact,ratio,percentage,NOT SPECIFIED IN THE SOURCE DOCUMENT,73,International Human Duties Initiative,OUTPUT,International Cooperation,geographic_area,EUROPE,2025,"Europe 1,657 (2.47%)",H,extracted,,
IND-300,International Human Duties Campaign Signatures per Area — Europe — countries,ihd.petition_countries.europe,48,exact,country,integer,NOT SPECIFIED IN THE SOURCE DOCUMENT,73,International Human Duties Initiative,OUTPUT,International Cooperation,geographic_area,EUROPE,2025,from 48 Countries,L,extracted,DQC-23,
IND-301,International Human Duties Reported Activities — total,ihd.reported_activities.total,42,exact,activity,integer,NOT SPECIFIED IN THE SOURCE DOCUMENT,73,International Human Duties Initiative,ACTIVITY,International Cooperation,global_network,GLOBAL,2025,International Human Duties Reported Activites per Area … 42,H,extracted,,
IND-302,International Human Duties Reported Activites per Area — Asia and the Pacific,ihd.reported_activities.aspac,10,exact,activity,integer,NOT SPECIFIED IN THE SOURCE DOCUMENT,73,International Human Duties Initiative,ACTIVITY,International Cooperation,geographic_area,ASPAC,2025,Asia and the Pacific 10,H,extracted,,
IND-303,International Human Duties Reported Activites per Area — Asia and the Pacific — share,ihd.reported_activities.aspac.share,0.23809999999999998,exact,ratio,percentage,NOT SPECIFIED IN THE SOURCE DOCUMENT,73,International Human Duties Initiative,ACTIVITY,International Cooperation,geographic_area,ASPAC,2025,Asia and the Pacific 10 (23.81%),H,extracted,,
IND-304,International Human Duties Reported Activites per Area — America,ihd.reported_activities.america,6,exact,activity,integer,NOT SPECIFIED IN THE SOURCE DOCUMENT,73,International Human Duties Initiative,ACTIVITY,International Cooperation,geographic_area,AMERICA,2025,America 6,H,extracted,,
IND-305,International Human Duties Reported Activites per Area — America — share,ihd.reported_activities.america.share,0.1429,exact,ratio,percentage,NOT SPECIFIED IN THE SOURCE DOCUMENT,73,International Human Duties Initiative,ACTIVITY,International Cooperation,geographic_area,AMERICA,2025,America 6 (14.29%),H,extracted,,
IND-306,International Human Duties Reported Activites per Area — Africa and the Middle East,ihd.reported_activities.afme,19,exact,activity,integer,NOT SPECIFIED IN THE SOURCE DOCUMENT,73,International Human Duties Initiative,ACTIVITY,International Cooperation,geographic_area,AFME,2025,Africa and the Middle East 19,H,extracted,,
IND-307,International Human Duties Reported Activites per Area — Africa and the Middle East — share,ihd.reported_activities.afme.share,0.4524,exact,ratio,percentage,NOT SPECIFIED IN THE SOURCE DOCUMENT,73,International Human Duties Initiative,ACTIVITY,International Cooperation,geographic_area,AFME,2025,Africa and the Middle East 19 (45.24%),H,extracted,,
IND-308,International Human Duties Reported Activites per Area — Europe,ihd.reported_activities.europe,7,exact,activity,integer,NOT SPECIFIED IN THE SOURCE DOCUMENT,73,International Human Duties Initiative,ACTIVITY,International Cooperation,geographic_area,EUROPE,2025,Europe 7,H,extracted,,
IND-309,International Human Duties Reported Activites per Area — Europe — share,ihd.reported_activities.europe.share,0.16670000000000001,exact,ratio,percentage,NOT SPECIFIED IN THE SOURCE DOCUMENT,73,International Human Duties Initiative,ACTIVITY,International Cooperation,geographic_area,EUROPE,2025,Europe 7 (16.67%),H,extracted,,
IND-310,participants discussed the 7 duties at thematic roundtables,ihd.ankara.participants.roundtables,49,exact,person,integer,NOT SPECIFIED IN THE SOURCE DOCUMENT,75,International Human Duties Impact Stories,OUTPUT,International Cooperation,local_organization,JCI Ankara (JCI Türkiye),2025,where 49 participants discussed the 7 duties at thematic roundtables,H,extracted,DQC-11,
IND-311,participants engaged,ihd.ankara.participants.engaged,45,exact,person,integer,NOT SPECIFIED IN THE SOURCE DOCUMENT,75,International Human Duties Impact Stories,OUTPUT,International Cooperation,local_organization,JCI Ankara (JCI Türkiye),2025,We engaged 45 participants,H,extracted,DQC-11,
IND-312,policy-oriented outcome summaries,ihd.ankara.outcome_summaries,7,exact,document,integer,NOT SPECIFIED IN THE SOURCE DOCUMENT,75,International Human Duties Impact Stories,OUTPUT,International Cooperation,local_organization,JCI Ankara (JCI Türkiye),2025,generated 7 policy-oriented outcome summaries,H,extracted,,
IND-313,joint declaration,ihd.ankara.joint_declaration,1,exact,document,integer,NOT SPECIFIED IN THE SOURCE DOCUMENT,75,International Human Duties Impact Stories,OUTPUT,International Cooperation,local_organization,JCI Ankara (JCI Türkiye),2025,created a unified document titled ‘7x7 Joint Declaration’,H,extracted,,
IND-314,attendees who completed feedback forms,ihd.ankara.feedback_response_rate,1.0,exact,ratio,percentage,NOT SPECIFIED IN THE SOURCE DOCUMENT,75,International Human Duties Impact Stories,OUTPUT,International Cooperation,local_organization,JCI Ankara (JCI Türkiye),2025,100% of attendees completed feedback forms,H,extracted,,
IND-315,attendees indicating increased awareness and motivation to take civic action,ihd.ankara.awareness_increase,0.9,at_least,ratio,percentage,NOT SPECIFIED IN THE SOURCE DOCUMENT,75,International Human Duties Impact Stories,OUTCOME,International Cooperation,local_organization,JCI Ankara (JCI Türkiye),2025,over 90% indicating increased awareness and motivation to take civic action,H,extracted,,only instrument-measured outcome in the report
IND-316,"participants — 'A Healthy Me, Wealthy Me' panel",ihd.suriname_jamaica.participants,40,approx,person,integer,NOT SPECIFIED IN THE SOURCE DOCUMENT,76,International Human Duties Impact Stories,OUTPUT,International Cooperation,local_organization,JCI Suriname and JCI Jamaica,2025,The panel attracted around 40 participants,H,extracted,,
IND-317,keynote speakers,ihd.mongolia.keynote_speakers,7,exact,person,integer,NOT SPECIFIED IN THE SOURCE DOCUMENT,77,International Human Duties Impact Stories,ACTIVITY,International Cooperation,local_organization,JCI Impact Mongolia (JCI Mongolia),2025,the event featured seven keynote speakers,H,extracted,,
IND-318,attended in person,ihd.mongolia.in_person,200,at_least,person,integer,NOT SPECIFIED IN THE SOURCE DOCUMENT,77,International Human Duties Impact Stories,OUTPUT,International Cooperation,local_organization,JCI Impact Mongolia (JCI Mongolia),2025,Over 200 attended in person,H,extracted,,
IND-319,joined via livestream,ihd.mongolia.livestream,3000,exact,viewer,integer,NOT SPECIFIED IN THE SOURCE DOCUMENT,77,International Human Duties Impact Stories,OUTPUT,International Cooperation,local_organization,JCI Impact Mongolia (JCI Mongolia),2025,"3,000 joined via livestream",H,extracted,,
IND-320,petition signatures collected,ihd.mongolia.signatures,100,at_least,signature,integer,NOT SPECIFIED IN THE SOURCE DOCUMENT,77,International Human Duties Impact Stories,OUTPUT,International Cooperation,local_organization,JCI Impact Mongolia (JCI Mongolia),2025,We collected over 100 petition signatures,H,extracted,,
IND-321,sponsorships secured,ihd.mongolia.sponsorships,8000000,exact,MNT,currency,NOT SPECIFIED IN THE SOURCE DOCUMENT,77,International Human Duties Impact Stories,INPUT,International Cooperation,local_organization,JCI Impact Mongolia (JCI Mongolia),2025,secured 8 million MNT in sponsorships,H,extracted,,
IND-322,Twinning Agreements registered during Conferences — total,output.twinning.agreements.total,113,exact,agreement,integer,NOT SPECIFIED IN THE SOURCE DOCUMENT,78,JCI Twinning,OUTPUT,International Cooperation,event,WC 2024 + 4 Area Conferences,2024–2025,Twinning Agreements registered during Conferences … 113,H,extracted,,
IND-323,Twinning Agreements registered — 2025 JCI Asia & the Pacific Conference (Ulaanbaatar),output.twinning.agreements.aspac,14,exact,agreement,integer,NOT SPECIFIED IN THE SOURCE DOCUMENT,78,JCI Twinning,OUTPUT,International Cooperation,event,2025 JCI Asia & the Pacific Conference (Ulaanbaatar),2024–2025,2025 JCI Asia & the Pacific Conference (Ulaanbaatar) 14 (12.39%),H,extracted,,
IND-324,Twinning Agreements registered — 2025 JCI Asia & the Pacific Conference (Ulaanbaatar) — share,output.twinning.agreements.aspac.share,0.12390000000000001,exact,ratio,percentage,NOT SPECIFIED IN THE SOURCE DOCUMENT,78,JCI Twinning,OUTPUT,International Cooperation,event,2025 JCI Asia & the Pacific Conference (Ulaanbaatar),2024–2025,2025 JCI Asia & the Pacific Conference (Ulaanbaatar) 14 (12.39%),H,extracted,,
IND-325,Twinning Agreements registered — 2025 JCI Africa & Middle East Conference (Durban),output.twinning.agreements.afme,37,exact,agreement,integer,NOT SPECIFIED IN THE SOURCE DOCUMENT,78,JCI Twinning,OUTPUT,International Cooperation,event,2025 JCI Africa & Middle East Conference (Durban),2024–2025,2025 JCI Africa & Middle East Conference (Durban) 37 (32.74%),H,extracted,,
IND-326,Twinning Agreements registered — 2025 JCI Africa & Middle East Conference (Durban) — share,output.twinning.agreements.afme.share,0.3274,exact,ratio,percentage,NOT SPECIFIED IN THE SOURCE DOCUMENT,78,JCI Twinning,OUTPUT,International Cooperation,event,2025 JCI Africa & Middle East Conference (Durban),2024–2025,2025 JCI Africa & Middle East Conference (Durban) 37 (32.74%),H,extracted,,
IND-327,Twinning Agreements registered — 2025 JCI European Conference (Herning),output.twinning.agreements.europe,8,exact,agreement,integer,NOT SPECIFIED IN THE SOURCE DOCUMENT,78,JCI Twinning,OUTPUT,International Cooperation,event,2025 JCI European Conference (Herning),2024–2025,2025 JCI European Conference (Herning) 8 (7.08%),H,extracted,,
IND-328,Twinning Agreements registered — 2025 JCI European Conference (Herning) — share,output.twinning.agreements.europe.share,0.0708,exact,ratio,percentage,NOT SPECIFIED IN THE SOURCE DOCUMENT,78,JCI Twinning,OUTPUT,International Cooperation,event,2025 JCI European Conference (Herning),2024–2025,2025 JCI European Conference (Herning) 8 (7.08%),H,extracted,,
IND-329,"Twinning Agreements registered — 2024 World Congress (Taoyuan, Taiwan)",output.twinning.agreements.wc2024,26,exact,agreement,integer,NOT SPECIFIED IN THE SOURCE DOCUMENT,78,JCI Twinning,OUTPUT,International Cooperation,event,"2024 World Congress (Taoyuan, Taiwan)",2024–2025,"2024 World Congress (Taoyuan, Taiwan) 26 (23.01%)",H,extracted,,
IND-330,"Twinning Agreements registered — 2024 World Congress (Taoyuan, Taiwan) — share",output.twinning.agreements.wc2024.share,0.23010000000000003,exact,ratio,percentage,NOT SPECIFIED IN THE SOURCE DOCUMENT,78,JCI Twinning,OUTPUT,International Cooperation,event,"2024 World Congress (Taoyuan, Taiwan)",2024–2025,"2024 World Congress (Taoyuan, Taiwan) 26 (23.01%)",H,extracted,,
IND-331,Twinning Agreements registered — 2025 JCI Conference of America (Roatán),output.twinning.agreements.america,28,exact,agreement,integer,NOT SPECIFIED IN THE SOURCE DOCUMENT,78,JCI Twinning,OUTPUT,International Cooperation,event,2025 JCI Conference of America (Roatán),2024–2025,2025 JCI Conference of America (Roatán) 28 (24.78%),H,extracted,,
IND-332,Twinning Agreements registered — 2025 JCI Conference of America (Roatán) — share,output.twinning.agreements.america.share,0.24780000000000002,exact,ratio,percentage,NOT SPECIFIED IN THE SOURCE DOCUMENT,78,JCI Twinning,OUTPUT,International Cooperation,event,2025 JCI Conference of America (Roatán),2024–2025,2025 JCI Conference of America (Roatán) 28 (24.78%),H,extracted,,
IND-333,young people trained in entrepreneurship and business skills,twinning.madagascar.trained,100,at_least,person,integer,NOT SPECIFIED IN THE SOURCE DOCUMENT,79,JCI Twinning Impact Stories,OUTPUT,International Cooperation,national_organization,"JCI Madagascar twinning (with JCI Rwanda, JCI Zimbabwe, JCI Accra)",NOT SPECIFIED,trained over 100 young people in entrepreneurship and business skills,H,extracted,,
IND-334,workshops held,twinning.madagascar.workshops,3,exact,workshop,integer,NOT SPECIFIED IN THE SOURCE DOCUMENT,79,JCI Twinning Impact Stories,ACTIVITY,International Cooperation,national_organization,"JCI Madagascar twinning (with JCI Rwanda, JCI Zimbabwe, JCI Accra)",NOT SPECIFIED,held three workshops,H,extracted,,
IND-335,international projects launched,twinning.madagascar.projects,2,exact,project,integer,NOT SPECIFIED IN THE SOURCE DOCUMENT,79,JCI Twinning Impact Stories,ACTIVITY,International Cooperation,national_organization,"JCI Madagascar twinning (with JCI Rwanda, JCI Zimbabwe, JCI Accra)",NOT SPECIFIED,launched two international projects,H,extracted,,
IND-336,new jobs created,twinning.madagascar.jobs,10,exact,job,integer,NOT SPECIFIED IN THE SOURCE DOCUMENT,79,JCI Twinning Impact Stories,OUTCOME,International Cooperation,national_organization,"JCI Madagascar twinning (with JCI Rwanda, JCI Zimbabwe, JCI Accra)",NOT SPECIFIED,created 10 new jobs,M,extracted,,
IND-337,entrepreneurs encouraged to start their own businesses,twinning.madagascar.businesses_started,dozens,exact,text_quantifier,text,NOT SPECIFIED IN THE SOURCE DOCUMENT,79,JCI Twinning Impact Stories,OUTCOME,International Cooperation,national_organization,"JCI Madagascar twinning (with JCI Rwanda, JCI Zimbabwe, JCI Accra)",NOT SPECIFIED,encouraged dozens of entrepreneurs to start their own businesses,L,extracted,,
IND-338,young entrepreneurs received mentorship and training (Community Asset-Based Mapping Project),twinning.madagascar.cabm_mentored,60,exact,person,integer,NOT SPECIFIED IN THE SOURCE DOCUMENT,79,JCI Twinning Impact Stories,OUTPUT,International Cooperation,national_organization,"JCI Madagascar twinning (with JCI Rwanda, JCI Zimbabwe, JCI Accra)",NOT SPECIFIED,Sixty young entrepreneurs received mentorship and training,H,extracted,,
IND-339,young people trained,twinning.colombia.trained,85,exact,person,integer,NOT SPECIFIED IN THE SOURCE DOCUMENT,80,JCI Twinning Impact Stories,OUTPUT,International Cooperation,local_organization,JCI Wayma (JCI Colombia) twinning,NOT SPECIFIED,85 young people trained,H,extracted,,
IND-340,international facilitators engaged,twinning.colombia.facilitators,6,exact,person,integer,NOT SPECIFIED IN THE SOURCE DOCUMENT,80,JCI Twinning Impact Stories,INPUT,International Cooperation,local_organization,JCI Wayma (JCI Colombia) twinning,NOT SPECIFIED,six international facilitators engaged,H,extracted,,
IND-341,follow-up initiatives launched in Colombia,twinning.colombia.follow_up,4,exact,initiative,integer,NOT SPECIFIED IN THE SOURCE DOCUMENT,80,JCI Twinning Impact Stories,OUTCOME,International Cooperation,local_organization,JCI Wayma (JCI Colombia) twinning,NOT SPECIFIED,four follow-up initiatives launched in Colombia,M,extracted,,
IND-342,official agreement signed (JCI Hanoi – JCI Central),twinning.hanoi_central.agreements,1,exact,agreement,integer,NOT SPECIFIED IN THE SOURCE DOCUMENT,81,JCI Twinning Impact Stories,OUTPUT,International Cooperation,local_organization,JCI Hanoi – JCI Central,2025,one official agreement signed,H,extracted,,
IND-343,members connected (Buddy Project),twinning.switzerland_canada.buddy_members,30,at_most,person,integer,NOT SPECIFIED IN THE SOURCE DOCUMENT,82,JCI Twinning Impact Stories,OUTPUT,International Cooperation,national_organization,JCI Switzerland – JCI Canada,NOT SPECIFIED,connected nearly 30 members across 12 Local Organizations,H,extracted,,
IND-344,Local Organizations connected (Buddy Project),twinning.switzerland_canada.buddy_los,12,exact,local_organization,integer,NOT SPECIFIED IN THE SOURCE DOCUMENT,82,JCI Twinning Impact Stories,OUTPUT,International Cooperation,national_organization,JCI Switzerland – JCI Canada,NOT SPECIFIED,across 12 Local Organizations in Canada and Switzerland,H,extracted,,
IND-345,Total Beneficiaries Reached,output.beneficiaries_reached.cdp,21000000,at_least,person,integer,NOT SPECIFIED IN THE SOURCE DOCUMENT,84,Community Development Projects,OUTPUT,Community Impact,global_network,GLOBAL,NOT SPECIFIED,"21,000,000+ Total Beneficiaries Reached",M,extracted,,
IND-346,Total Projects Executed (2024-25),activity.projects_executed,1000,at_least,project,integer,NOT SPECIFIED IN THE SOURCE DOCUMENT,84,Community Development Projects,ACTIVITY,Community Impact,global_network,GLOBAL,2024–2025,"1,000+ Total Projects Executed (2024-25)",H,extracted,DQC-03,
IND-347,Total Number of Volunteers Engaged,input.volunteers_engaged.cdp,40000,at_least,person,integer,NOT SPECIFIED IN THE SOURCE DOCUMENT,84,Community Development Projects,INPUT,Community Impact,global_network,GLOBAL,NOT SPECIFIED,"40,000+ Total Number of Volunteers Engaged",H,extracted,DQC-05,
IND-348,Primary SDGs Addressed / Secondary SDG,coverage.sdg_primary_secondary,,,sdg_distribution,list,NOT SPECIFIED IN THE SOURCE DOCUMENT,84,Community Development Projects,UNCERTAIN,Community Impact,global_network,GLOBAL,NOT SPECIFIED,—,H,visual_data_not_extracted,VDX-04,
IND-349,JCI RISE — year launched,rise.launch_year,2020,exact,year,date_year,NOT SPECIFIED IN THE SOURCE DOCUMENT,85,JCI RISE Projects,CONTEXT,Community Impact,global_network,GLOBAL,NOT SPECIFIED,Launched in 2020,H,extracted,,
IND-350,RISE Projects — share,activity.projects.rise_share,0.5347,exact,ratio,percentage,NOT SPECIFIED IN THE SOURCE DOCUMENT,85,JCI RISE Projects,ACTIVITY,Community Impact,global_network,GLOBAL,2025,RISE Projects 53.47%,H,extracted,,
IND-351,Other Projects — share,activity.projects.other_share,0.4653,exact,ratio,percentage,NOT SPECIFIED IN THE SOURCE DOCUMENT,85,JCI RISE Projects,ACTIVITY,Community Impact,global_network,GLOBAL,2025,Other Projects 46.53%,H,extracted,,
IND-352,Total Projects Reported for 2025,activity.projects_reported,1000,at_least,project,integer,NOT SPECIFIED IN THE SOURCE DOCUMENT,85 (+86),JCI RISE Projects,ACTIVITY,Community Impact,global_network,GLOBAL,2025,1000+ Total Projects Reported for 2025,H,extracted,DQC-03,
IND-353,RISE Pillars Covered — Sustaining and Rebuilding Economies,activity.rise_pillar.sustaining,0.40299999999999997,exact,ratio,percentage,NOT SPECIFIED IN THE SOURCE DOCUMENT,85,JCI RISE Projects,ACTIVITY,Community Impact,global_network,GLOBAL,2025,Sustaining and Rebuilding Economies 40.30%,H,extracted,"DQC-17, DQC-18",
IND-354,RISE Pillars Covered — Preserving Mental Health,activity.rise_pillar.preserving,0.2804,exact,ratio,percentage,NOT SPECIFIED IN THE SOURCE DOCUMENT,85,JCI RISE Projects,ACTIVITY,Community Impact,global_network,GLOBAL,2025,Preserving Mental Health 28.04%,H,extracted,"DQC-17, DQC-18",
IND-355,RISE Pillars Covered — Workforce Motivation,activity.rise_pillar.workforce,0.31670000000000004,exact,ratio,percentage,NOT SPECIFIED IN THE SOURCE DOCUMENT,85,JCI RISE Projects,ACTIVITY,Community Impact,global_network,GLOBAL,2025,Workforce Motivation 31.67%,H,extracted,"DQC-17, DQC-18",
IND-356,2025 Projects Reported per Area — Asia and the Pacific,activity.projects_reported.aspac.share,0.6704000000000001,exact,ratio,percentage,NOT SPECIFIED IN THE SOURCE DOCUMENT,86,JCI RISE Projects,ACTIVITY,Community Impact,geographic_area,ASPAC,2025,Asia and the Pacific 67.04%,H,extracted,DQC-18,
IND-357,2025 Projects Reported per Area — America,activity.projects_reported.america.share,0.0915,exact,ratio,percentage,NOT SPECIFIED IN THE SOURCE DOCUMENT,86,JCI RISE Projects,ACTIVITY,Community Impact,geographic_area,AMERICA,2025,America 9.15%,H,extracted,DQC-18,
IND-358,2025 Projects Reported per Area — Africa and the Middle East,activity.projects_reported.afme.share,0.2191,exact,ratio,percentage,NOT SPECIFIED IN THE SOURCE DOCUMENT,86,JCI RISE Projects,ACTIVITY,Community Impact,geographic_area,AFME,2025,Africa and the Middle East 21.91%,H,extracted,DQC-18,
IND-359,2025 Projects Reported per Area — Europe,activity.projects_reported.europe.share,0.0191,exact,ratio,percentage,NOT SPECIFIED IN THE SOURCE DOCUMENT,86,JCI RISE Projects,ACTIVITY,Community Impact,geographic_area,EUROPE,2025,Europe 1.91%,H,extracted,DQC-18,
IND-360,2025 Projects Reported per Area of Opportunity — Community Impact,activity.projects_reported.aoo.community.share,0.4464,exact,ratio,percentage,NOT SPECIFIED IN THE SOURCE DOCUMENT,86,JCI RISE Projects,ACTIVITY,Community Impact,global_network,GLOBAL,2025,Community Impact 44.64%,H,extracted,,"'Some projects may fall under 2 or more Area of Opportunity' — base = tags, not projects (interpretation)"
IND-361,2025 Projects Reported per Area of Opportunity — Business and Entrepreneurship,activity.projects_reported.aoo.business.share,0.18489999999999998,exact,ratio,percentage,NOT SPECIFIED IN THE SOURCE DOCUMENT,86,JCI RISE Projects,ACTIVITY,Community Impact,global_network,GLOBAL,2025,Business and Entrepreneurship 18.49%,H,extracted,,"'Some projects may fall under 2 or more Area of Opportunity' — base = tags, not projects (interpretation)"
IND-362,2025 Projects Reported per Area of Opportunity — Individual Development,activity.projects_reported.aoo.individual.share,0.2721,exact,ratio,percentage,NOT SPECIFIED IN THE SOURCE DOCUMENT,86,JCI RISE Projects,ACTIVITY,Community Impact,global_network,GLOBAL,2025,Individual Development 27.21%,H,extracted,,"'Some projects may fall under 2 or more Area of Opportunity' — base = tags, not projects (interpretation)"
IND-363,2025 Projects Reported per Area of Opportunity — International Cooperation,activity.projects_reported.aoo.international.share,0.0966,exact,ratio,percentage,NOT SPECIFIED IN THE SOURCE DOCUMENT,86,JCI RISE Projects,ACTIVITY,Community Impact,global_network,GLOBAL,2025,International Cooperation 9.66%,H,extracted,,"'Some projects may fall under 2 or more Area of Opportunity' — base = tags, not projects (interpretation)"
IND-364,Total Number of Beneficiaries,output.beneficiaries.total,21148414,exact,person,integer,NOT SPECIFIED IN THE SOURCE DOCUMENT,86,JCI RISE Projects,OUTPUT,Community Impact,global_network,GLOBAL,NOT SPECIFIED,"21,148,414 Total Number of Beneficiaries",M,extracted,,
IND-365,Total Hours Contributed by Volunteers,input.volunteer_hours.total,435605,exact,hour,integer,NOT SPECIFIED IN THE SOURCE DOCUMENT,86,JCI RISE Projects,INPUT,Community Impact,global_network,GLOBAL,NOT SPECIFIED,"435,605 Total Hours Contributed by Volunteers",H,extracted,,
IND-366,Total Number of Volunteers Engaged,input.volunteers_engaged.total,42401,exact,person,integer,NOT SPECIFIED IN THE SOURCE DOCUMENT,86,JCI RISE Projects,INPUT,Community Impact,global_network,GLOBAL,NOT SPECIFIED,"42,401 Total Number of Volunteers Engaged",H,extracted,DQC-05,
IND-367,volunteer hours — MED'PRENEUR (labelled 'Measurable outcomes'),project.med'preneur.volunteer_hours,244,exact,hour,integer,NOT SPECIFIED IN THE SOURCE DOCUMENT,87,Community Impact Stories,INPUT,Community Impact,local_organization,JCI Mahajanga (JCI Madagascar),2025,Measurable outcomes included 244 volunteer hours,H,extracted,,report labels this INPUT as 'measurable outcome'
IND-368,volunteers engaged — MED'PRENEUR (labelled 'Measurable outcomes'),project.med'preneur.volunteers,15,exact,person,integer,NOT SPECIFIED IN THE SOURCE DOCUMENT,87,Community Impact Stories,INPUT,Community Impact,local_organization,JCI Mahajanga (JCI Madagascar),2025,and 15 volunteers engaged,H,extracted,,
IND-369,volunteer hours — EMPRENDHER 2.0 (labelled 'Measurable outcomes'),project.emprendher.volunteer_hours,100,exact,hour,integer,NOT SPECIFIED IN THE SOURCE DOCUMENT,88,Community Impact Stories,INPUT,Community Impact,local_organization,JCI Hernandarias (JCI Paraguay),2025,Measurable outcomes included 100 volunteer hours,H,extracted,,report labels this INPUT as 'measurable outcome'
IND-370,volunteers engaged — EMPRENDHER 2.0 (labelled 'Measurable outcomes'),project.emprendher.volunteers,25,exact,person,integer,NOT SPECIFIED IN THE SOURCE DOCUMENT,88,Community Impact Stories,INPUT,Community Impact,local_organization,JCI Hernandarias (JCI Paraguay),2025,and 25 volunteers engaged,H,extracted,,
IND-371,volunteer hours — SDGs Hunt: Save The World! (labelled 'Measurable outcomes'),project.sdgs.volunteer_hours,4,exact,hour,integer,NOT SPECIFIED IN THE SOURCE DOCUMENT,89,Community Impact Stories,INPUT,Community Impact,national_organization,JCI Malaysia (LO not named),2025,Measurable outcomes included 4 volunteer hours,H,extracted,,report labels this INPUT as 'measurable outcome'
IND-372,volunteers engaged — SDGs Hunt: Save The World! (labelled 'Measurable outcomes'),project.sdgs.volunteers,5,exact,person,integer,NOT SPECIFIED IN THE SOURCE DOCUMENT,89,Community Impact Stories,INPUT,Community Impact,national_organization,JCI Malaysia (LO not named),2025,and 5 volunteers engaged,H,extracted,,
IND-373,volunteer hours — JCI Finland inaugural Sustainability Agenda (labelled 'Measurable outcomes'),project.jci.volunteer_hours,418,exact,hour,integer,NOT SPECIFIED IN THE SOURCE DOCUMENT,90,Community Impact Stories,INPUT,Community Impact,national_organization,JCI Finland,2025,Measurable outcomes included 418 volunteer hours,H,extracted,,report labels this INPUT as 'measurable outcome'
IND-374,volunteers engaged — JCI Finland inaugural Sustainability Agenda (labelled 'Measurable outcomes'),project.jci.volunteers,17,exact,person,integer,NOT SPECIFIED IN THE SOURCE DOCUMENT,90,Community Impact Stories,INPUT,Community Impact,national_organization,JCI Finland,2025,and 17 volunteers engaged,H,extracted,,
IND-375,MED'PRENEUR — dates,project.medpreneur.dates,2025-09-03/2025-09-05,exact,date_range,date,NOT SPECIFIED IN THE SOURCE DOCUMENT,87,Community Impact Stories,CONTEXT,Community Impact,local_organization,JCI Mahajanga (JCI Madagascar),2025,"took place from September 3rd to 5th, 2025",H,extracted,,
IND-376,SDGs Hunt — SDG mentions,project.sdgs_hunt.sdg_mentions,18,,sdg_mention,integer,NOT SPECIFIED IN THE SOURCE DOCUMENT,89,Community Impact Stories,UNCERTAIN,Community Impact,local_organization,JCI Malaysia (LO not named),2025,This initiative advanced the Sustainable Development Goals (SDG 11: …),H,calculated,DQC-22,17 distinct
IND-377,participants engaged in intensive sessions,project.bridges.participants,35,exact,person,integer,NOT SPECIFIED IN THE SOURCE DOCUMENT,91,JCI RISE Impact Stories,OUTPUT,Community Impact,national_organization,Bridges Project (JCI Syria),NOT SPECIFIED,35 participants engaged in intensive sessions,H,extracted,DQC-12,
IND-378,duration,project.bridges.duration,3,exact,week,integer,NOT SPECIFIED IN THE SOURCE DOCUMENT,91,JCI RISE Impact Stories,ACTIVITY,Community Impact,national_organization,Bridges Project (JCI Syria),NOT SPECIFIED,Over three weeks,H,extracted,,
IND-379,volunteer trainers,project.bridges.volunteer_trainers,20,exact,person,integer,NOT SPECIFIED IN THE SOURCE DOCUMENT,91,JCI RISE Impact Stories,INPUT,Community Impact,national_organization,Bridges Project (JCI Syria),NOT SPECIFIED,led by 20 volunteer trainers,H,extracted,,
IND-380,youth trained,project.bridges.trained,200,at_least,person,integer,NOT SPECIFIED IN THE SOURCE DOCUMENT,91,JCI RISE Impact Stories,OUTPUT,Community Impact,national_organization,Bridges Project (JCI Syria),NOT SPECIFIED,200+ youth trained,H,extracted,DQC-12,
IND-381,placed in jobs or internships,project.bridges.job_placement,0.75,exact,ratio,percentage,NOT SPECIFIED IN THE SOURCE DOCUMENT,91,JCI RISE Impact Stories,OUTCOME,Community Impact,national_organization,Bridges Project (JCI Syria),NOT SPECIFIED,75% placed in jobs or internships,M,extracted,DQC-12,
IND-382,launching startups,project.bridges.startups,0.15,exact,ratio,percentage,NOT SPECIFIED IN THE SOURCE DOCUMENT,91,JCI RISE Impact Stories,OUTCOME,Community Impact,national_organization,Bridges Project (JCI Syria),NOT SPECIFIED,15% launching startups,M,extracted,DQC-12,
IND-383,participants being young women,project.bridges.female_share,0.5,at_least,ratio,percentage,NOT SPECIFIED IN THE SOURCE DOCUMENT,91,JCI RISE Impact Stories,OUTPUT,Community Impact,national_organization,Bridges Project (JCI Syria),NOT SPECIFIED,more than half of participants being young women,H,extracted,,
IND-384,interested applicants,project.escuela.applicants,200,at_least,person,integer,NOT SPECIFIED IN THE SOURCE DOCUMENT,92,JCI RISE Impact Stories,OUTPUT,Community Impact,national_organization,Escuela de Emprendedores de América (JCI Bolivia),NOT SPECIFIED,200+ interested applicants,H,extracted,,
IND-385,participants enrolled,project.escuela.enrolled,120,exact,person,integer,NOT SPECIFIED IN THE SOURCE DOCUMENT,92,JCI RISE Impact Stories,OUTPUT,Community Impact,national_organization,Escuela de Emprendedores de América (JCI Bolivia),NOT SPECIFIED,120 participants enrolled,H,extracted,,
IND-386,graduates,project.escuela.graduates,60,exact,person,integer,NOT SPECIFIED IN THE SOURCE DOCUMENT,92,JCI RISE Impact Stories,OUTPUT,Community Impact,national_organization,Escuela de Emprendedores de América (JCI Bolivia),NOT SPECIFIED,60 graduates who either stabilized existing businesses or structured new ideas,H,extracted,,
IND-387,pitching opportunities created,project.inno.pitching,20,at_least,opportunity,integer,NOT SPECIFIED IN THE SOURCE DOCUMENT,93,JCI RISE Impact Stories,OUTPUT,Community Impact,national_organization,"INNO Leaders Project (JCI Hong Kong, China)",NOT SPECIFIED,20+ pitching opportunities created,H,extracted,,
IND-388,jobs generated,project.inno.jobs,100,exact,job,integer,NOT SPECIFIED IN THE SOURCE DOCUMENT,93,JCI RISE Impact Stories,OUTCOME,Community Impact,national_organization,"INNO Leaders Project (JCI Hong Kong, China)",NOT SPECIFIED,100 jobs generated,M,extracted,,
IND-389,organizations engaged,project.inno.organizations,40,at_least,organization,integer,NOT SPECIFIED IN THE SOURCE DOCUMENT,93,JCI RISE Impact Stories,INPUT,Community Impact,national_organization,"INNO Leaders Project (JCI Hong Kong, China)",NOT SPECIFIED,40+ organizations from six sectors engaged,H,extracted,,
IND-390,sectors of engaged organizations,project.inno.sectors,6,exact,sector,integer,NOT SPECIFIED IN THE SOURCE DOCUMENT,93,JCI RISE Impact Stories,INPUT,Community Impact,national_organization,"INNO Leaders Project (JCI Hong Kong, China)",NOT SPECIFIED,from six sectors,H,extracted,,
IND-391,international friendships formed,project.inno.friendships,100,at_least,friendship,integer,NOT SPECIFIED IN THE SOURCE DOCUMENT,93,JCI RISE Impact Stories,UNCERTAIN,Community Impact,national_organization,"INNO Leaders Project (JCI Hong Kong, China)",NOT SPECIFIED,over 100 international friendships formed,H,extracted,,
IND-392,advanced students connected with companies,project.impulso.students,22,exact,person,integer,NOT SPECIFIED IN THE SOURCE DOCUMENT,94,JCI RISE Impact Stories,OUTPUT,Community Impact,local_organization,"Impulso NOA (JCI Salta, JCI Argentina)",NOT SPECIFIED,directly connecting 22 advanced students with leading companies,H,extracted,DQC-13,
IND-393,new JCI Salta members,project.impulso.new_members,4,exact,person,integer,NOT SPECIFIED IN THE SOURCE DOCUMENT,94,JCI RISE Impact Stories,OUTCOME,Community Impact,local_organization,"Impulso NOA (JCI Salta, JCI Argentina)",NOT SPECIFIED,the induction of four new JCI Salta members,H,extracted,DQC-13,
IND-394,new members as share of all participants,project.impulso.new_members_share,0.2,exact,ratio,percentage,NOT SPECIFIED IN THE SOURCE DOCUMENT,94,JCI RISE Impact Stories,OUTCOME,Community Impact,local_organization,"Impulso NOA (JCI Salta, JCI Argentina)",NOT SPECIFIED,representing 20% of all participants,H,extracted,DQC-13,
IND-395,financial surplus (ARS),project.impulso.surplus_ars,144000,exact,ARS,currency,NOT SPECIFIED IN THE SOURCE DOCUMENT,94,JCI RISE Impact Stories,INPUT,Community Impact,local_organization,"Impulso NOA (JCI Salta, JCI Argentina)",NOT SPECIFIED,"a financial surplus of AR$144,000 (107 USD)",H,extracted,,
IND-396,"financial surplus (USD, as printed)",project.impulso.surplus_usd,107,exact,USD,currency,NOT SPECIFIED IN THE SOURCE DOCUMENT,94,JCI RISE Impact Stories,INPUT,Community Impact,local_organization,"Impulso NOA (JCI Salta, JCI Argentina)",NOT SPECIFIED,"AR$144,000 (107 USD)",H,extracted,,conversion printed by the report; rate/date not given
IND-397,JCI Foundation — year established,foundation.established,1955,exact,year,date_year,NOT SPECIFIED IN THE SOURCE DOCUMENT,96,JCI Foundation,CONTEXT,—,global_network,GLOBAL,NOT SPECIFIED,"The JCI Foundation, established in 1955",H,extracted,,
IND-398,Total Contributions Received (USD) since 2022,foundation.contributions.since_2022,10347883.7,exact,USD,currency,NOT SPECIFIED IN THE SOURCE DOCUMENT,96,JCI Foundation,INPUT,—,global_network,GLOBAL,2022–2025,"10,347,883.70 Total Contributions Received (USD) since 2022",H,extracted,DQC-24,
IND-399,Total Contributions Received (USD) since October 2024 to August 2025,foundation.contributions.oct2024_aug2025,223124.22,exact,USD,currency,NOT SPECIFIED IN THE SOURCE DOCUMENT,96,JCI Foundation,INPUT,—,global_network,GLOBAL,2024-10–2025-08,"223,124.22 Total Contributions Received (USD) since October 2024 to August 2025",H,extracted,DQC-24,
IND-400,Total Donors Recognized,foundation.donors_recognized,196,exact,donor,integer,NOT SPECIFIED IN THE SOURCE DOCUMENT,96,JCI Foundation,INPUT,—,global_network,GLOBAL,NOT SPECIFIED,196 Total Donors Recognized,H,extracted,,
IND-401,Number of Donations received since 2022,foundation.donations.since_2022,5243,exact,donation,integer,NOT SPECIFIED IN THE SOURCE DOCUMENT,96,JCI Foundation,INPUT,—,global_network,GLOBAL,2022–2025,5243 Number of Donations received since 2022,H,extracted,,
IND-402,grant application cycles per year,foundation.grants.cycles_per_year,2,exact,cycle,integer,NOT SPECIFIED IN THE SOURCE DOCUMENT,97,JCI Foundation Development Grants,CONTEXT,—,global_network,GLOBAL,NOT SPECIFIED,There are two cycles for applications during the year,H,extracted,,
IND-403,Amount of Grants (USD) Received per Year,foundation.grants.amount_per_year,,,USD,currency,NOT SPECIFIED IN THE SOURCE DOCUMENT,97,JCI Foundation Development Grants,INPUT,—,geographic_area,per year per Area,2023–2025,—,H,visual_data_not_extracted,"VDX-05, VDX-06",
IND-404,Number of Projects per Year per Area (grants),foundation.grants.projects_per_year,,,project,integer,NOT SPECIFIED IN THE SOURCE DOCUMENT,98,JCI Foundation Development Grants,INPUT,—,geographic_area,per year per Area,2023–2025,—,H,visual_data_not_extracted,VDX-06,
IND-405,Total Number of Senators,network.senators.total,84375,exact,person,integer,NOT SPECIFIED IN THE SOURCE DOCUMENT,100,JCI Senate,CONTEXT,—,global_network,GLOBAL,as of today,"84,375 Total Number of Senators as of today and it grows every day",H,extracted,,
IND-406,Senators — '669' (meaning unclear),network.senators.unclear_669,669,exact,unknown_unit,integer,NOT SPECIFIED IN THE SOURCE DOCUMENT,100,JCI Senate,CONTEXT,—,global_network,GLOBAL,NOT SPECIFIED,669 Senators so far have ranged from 28 to 67 with the average age being 33-40,L,extracted,,meaning not determinable
IND-407,Senators — age range min,network.senators.age_min,28,exact,year,integer,NOT SPECIFIED IN THE SOURCE DOCUMENT,100,JCI Senate,CONTEXT,—,global_network,GLOBAL,NOT SPECIFIED,have ranged from 28 to 67,M,extracted,,
IND-408,Senators — age range max,network.senators.age_max,67,exact,year,integer,NOT SPECIFIED IN THE SOURCE DOCUMENT,100,JCI Senate,CONTEXT,—,global_network,GLOBAL,NOT SPECIFIED,have ranged from 28 to 67,M,extracted,,
IND-409,Senators — average age (range),network.senators.avg_age,33-40,range,year_range,range,NOT SPECIFIED IN THE SOURCE DOCUMENT,100,JCI Senate,CONTEXT,—,global_network,GLOBAL,NOT SPECIFIED,the average age being 33-40,M,extracted,,
IND-410,Senators are male,network.senators.male_share,0.67,exact,ratio,percentage,NOT SPECIFIED IN THE SOURCE DOCUMENT,100,JCI Senate,CONTEXT,—,global_network,GLOBAL,2025,67% Senators are male,H,extracted,DQC-10,
IND-411,Senators are female,network.senators.female_share,0.37,exact,ratio,percentage,NOT SPECIFIED IN THE SOURCE DOCUMENT,100,JCI Senate,CONTEXT,—,global_network,GLOBAL,2025,and 37% are female as of 2025,H,extracted,DQC-10,
IND-412,Award Entries Submitted per Area — 2025 JCI Asia & the Pacific Conference (Ulaanbaatar),output.awards.entries.aspac,397,exact,entry,integer,NOT SPECIFIED IN THE SOURCE DOCUMENT,103,Most Outstanding Members,OUTPUT,—,event,2025 JCI Asia & the Pacific Conference (Ulaanbaatar),2024–2025,2025 JCI Asia & the Pacific Conference (Ulaanbaatar) 397 (35.45%),H,extracted,,
IND-413,Award Entries Submitted per Area — 2025 JCI Asia & the Pacific Conference (Ulaanbaatar) — share,output.awards.entries.aspac.share,0.35450000000000004,exact,ratio,percentage,NOT SPECIFIED IN THE SOURCE DOCUMENT,103,Most Outstanding Members,OUTPUT,—,event,2025 JCI Asia & the Pacific Conference (Ulaanbaatar),2024–2025,2025 JCI Asia & the Pacific Conference (Ulaanbaatar) 397 (35.45%),H,extracted,,
IND-414,Award Entries Submitted per Area — 2025 JCI Africa & Middle East Conference (Durban),output.awards.entries.afme,339,exact,entry,integer,NOT SPECIFIED IN THE SOURCE DOCUMENT,103,Most Outstanding Members,OUTPUT,—,event,2025 JCI Africa & Middle East Conference (Durban),2024–2025,2025 JCI Africa & Middle East Conference (Durban) 339 (30.27%),H,extracted,,
IND-415,Award Entries Submitted per Area — 2025 JCI Africa & Middle East Conference (Durban) — share,output.awards.entries.afme.share,0.30269999999999997,exact,ratio,percentage,NOT SPECIFIED IN THE SOURCE DOCUMENT,103,Most Outstanding Members,OUTPUT,—,event,2025 JCI Africa & Middle East Conference (Durban),2024–2025,2025 JCI Africa & Middle East Conference (Durban) 339 (30.27%),H,extracted,,
IND-416,Award Entries Submitted per Area — 2025 JCI European Conference (Herning),output.awards.entries.europe,149,exact,entry,integer,NOT SPECIFIED IN THE SOURCE DOCUMENT,103,Most Outstanding Members,OUTPUT,—,event,2025 JCI European Conference (Herning),2024–2025,2025 JCI European Conference (Herning) 149 (13.3%),H,extracted,,
IND-417,Award Entries Submitted per Area — 2025 JCI European Conference (Herning) — share,output.awards.entries.europe.share,0.133,exact,ratio,percentage,NOT SPECIFIED IN THE SOURCE DOCUMENT,103,Most Outstanding Members,OUTPUT,—,event,2025 JCI European Conference (Herning),2024–2025,2025 JCI European Conference (Herning) 149 (13.3%),H,extracted,,
IND-418,Award Entries Submitted per Area — 2025 JCI Conference of America (Roatán),output.awards.entries.america,235,exact,entry,integer,NOT SPECIFIED IN THE SOURCE DOCUMENT,103,Most Outstanding Members,OUTPUT,—,event,2025 JCI Conference of America (Roatán),2024–2025,2025 JCI Conference of America (Roatán) 235 (20.98%),H,extracted,,
IND-419,Award Entries Submitted per Area — 2025 JCI Conference of America (Roatán) — share,output.awards.entries.america.share,0.20980000000000001,exact,ratio,percentage,NOT SPECIFIED IN THE SOURCE DOCUMENT,103,Most Outstanding Members,OUTPUT,—,event,2025 JCI Conference of America (Roatán),2024–2025,2025 JCI Conference of America (Roatán) 235 (20.98%),H,extracted,,
IND-420,Award Entries Submitted — total,output.awards.entries.total,1120,exact,entry,integer,NOT SPECIFIED IN THE SOURCE DOCUMENT,103,Most Outstanding Members,OUTPUT,—,event,4 Area Conferences 2025,2025,"1,120 Award Entries Submitted per Area",H,extracted,,
IND-421,Public Speaking Club participants at launch (JCI Quatre Bornes),member_initiative.udhin.club_launch,4,exact,person,integer,NOT SPECIFIED IN THE SOURCE DOCUMENT,104,Most Outstanding Member Winners Impact Stories,CONTEXT,—,local_organization,JCI Quatre Bornes (JCI Mauritius),NOT SPECIFIED,From only four participants at its launch,H,extracted,,
IND-422,Public Speaking Club active members now (JCI Quatre Bornes),member_initiative.udhin.club_now,40,exact,person,integer,NOT SPECIFIED IN THE SOURCE DOCUMENT,104,Most Outstanding Member Winners Impact Stories,OUTCOME,—,local_organization,JCI Quatre Bornes (JCI Mauritius),NOT SPECIFIED,has now grown to 40 active members,M,extracted,,
IND-423,raised at beneficiary gala with the Lions,member_initiative.van_den_dolder.gala_raised,85000,exact,EUR,currency,NOT SPECIFIED IN THE SOURCE DOCUMENT,107,Most Outstanding Member Winners Impact Stories,INPUT,—,local_organization,JCI Amsterdam (JCI Netherlands),2025-03,"raising €85,000 in March 2025",H,extracted,,
IND-424,Club100 — partners (network size by definition),partners.club100.defined_size,100,exact,partner,integer,NOT SPECIFIED IN THE SOURCE DOCUMENT,110,Club100 Program,INPUT,—,global_network,GLOBAL,NOT SPECIFIED,JCI Club100 is an exclusive network of 100 partners,M,extracted,,definition/target; actual member count NOT SPECIFIED
IND-425,Sheltech — units constructed (partner company data),partners.sheltech.units_external,3870,at_least,unit,integer,NOT SPECIFIED IN THE SOURCE DOCUMENT,112,Club100 Program,CONTEXT,—,external,Sheltech (Pvt.) Ltd.,NOT SPECIFIED,Sheltech has constructed over 3870 units,H,extracted,,EXTERNAL partner business data — never a JCI result (P12)
IND-426,BNI Japan — sponsorship total,partners.bni_japan.sponsorship_total,90000,exact,USD,currency,NOT SPECIFIED IN THE SOURCE DOCUMENT,113,Corporate Sponsors Driving Shared Impact,INPUT,—,global_network,GLOBAL,2025–2027,"a three-year sponsorship totaling USD 90,000",H,extracted,,
IND-427,BNI Japan — annual contribution,partners.bni_japan.sponsorship_annual,30000,exact,USD_per_year,currency,NOT SPECIFIED IN THE SOURCE DOCUMENT,113,Corporate Sponsors Driving Shared Impact,INPUT,—,global_network,GLOBAL,from 2025,"contributing USD 30,000 annually starting in 2025",H,extracted,,
IND-428,CYE Accelerator — ventures supported,partners.cye_accelerator.ventures,6,,venture,integer,NOT SPECIFIED IN THE SOURCE DOCUMENT,116,Impact Through Hosted and Partner Events,OUTPUT,—,global_network,GLOBAL,NOT SPECIFIED,Mentor-Venture Highlights,M,calculated,,count of a printed list = calculated
IND-429,CYE Accelerator — mentors,partners.cye_accelerator.mentors,12,,person,integer,NOT SPECIFIED IN THE SOURCE DOCUMENT,116,Impact Through Hosted and Partner Events,INPUT,—,global_network,GLOBAL,NOT SPECIFIED,Mentors:,M,calculated,,count of a printed list = calculated
IND-430,"RISE to the Challenge (ECOSOC Youth Forum side event, 16 April 2025) — registrants",event.ecosoc_side.registrants,1160,at_least,person,integer,NOT SPECIFIED IN THE SOURCE DOCUMENT,117,Impact Through Hosted and Partner Events,OUTPUT,—,event,"RISE to the Challenge (ECOSOC Youth Forum side event, 16 April 2025)",2025-04-16,"1,160+ registrants",H,extracted,DQC-15,
IND-431,"RISE to the Challenge (ECOSOC Youth Forum side event, 16 April 2025) — live participants",event.ecosoc_side.live_participants,1500,at_least,person,integer,NOT SPECIFIED IN THE SOURCE DOCUMENT,117,Impact Through Hosted and Partner Events,OUTPUT,—,event,"RISE to the Challenge (ECOSOC Youth Forum side event, 16 April 2025)",2025-04-16,"1,500+ live participants",H,extracted,DQC-15,
IND-432,"RISE to the Challenge (ECOSOC Youth Forum side event, 16 April 2025) — Facebook Live viewers",event.ecosoc_side.facebook_live_viewers,6000,at_least,viewer,integer,NOT SPECIFIED IN THE SOURCE DOCUMENT,117,Impact Through Hosted and Partner Events,OUTPUT,—,event,"RISE to the Challenge (ECOSOC Youth Forum side event, 16 April 2025)",2025-04-16,"6,000+ Facebook Live viewers",H,extracted,,
IND-433,"RISE to the Challenge (ECOSOC Youth Forum side event, 16 April 2025) — responses to the live event poll",event.ecosoc_side.responses_to_the_live_event_poll,564,exact,response,integer,NOT SPECIFIED IN THE SOURCE DOCUMENT,117,Impact Through Hosted and Partner Events,OUTPUT,—,event,"RISE to the Challenge (ECOSOC Youth Forum side event, 16 April 2025)",2025-04-16,564 responses to the live event poll,H,extracted,,
IND-434,"RISE to the Challenge (ECOSOC Youth Forum side event, 16 April 2025) — breakout languages",event.ecosoc_side.breakout_languages,4,,language,integer,NOT SPECIFIED IN THE SOURCE DOCUMENT,117,Impact Through Hosted and Partner Events,OUTPUT,—,event,"RISE to the Challenge (ECOSOC Youth Forum side event, 16 April 2025)",2025-04-16,"breakout rooms in English, French, Spanish, and Japanese",H,calculated,,count of a printed list = calculated
IND-435,"RISE to the Challenge (ECOSOC Youth Forum side event, 16 April 2025) — featured panelists",event.ecosoc_side.featured_panelists,5,,person,integer,NOT SPECIFIED IN THE SOURCE DOCUMENT,117,Impact Through Hosted and Partner Events,INPUT,—,event,"RISE to the Challenge (ECOSOC Youth Forum side event, 16 April 2025)",2025-04-16,Featured Panelists:,H,calculated,,count of a printed list = calculated
IND-436,RISE to the Challenge Attendees per Area,event.ecosoc_side.attendees_by_area,,,person,integer,NOT SPECIFIED IN THE SOURCE DOCUMENT,118,Impact Through Hosted and Partner Events,OUTPUT,—,geographic_area,"RISE to the Challenge (ECOSOC Youth Forum side event, 16 April 2025)",2025-04-16,—,H,visual_data_not_extracted,VDX-07,
IND-437,Languages per Area,event.ecosoc_side.languages_by_area,,,person,integer,NOT SPECIFIED IN THE SOURCE DOCUMENT,118,Impact Through Hosted and Partner Events,OUTPUT,—,geographic_area,"RISE to the Challenge (ECOSOC Youth Forum side event, 16 April 2025)",2025-04-16,—,H,visual_data_not_extracted,VDX-08,
IND-438,GITEX Africa 2025 — participants (event total),external.gitex_africa.participants,52000,at_least,person,integer,NOT SPECIFIED IN THE SOURCE DOCUMENT,119,Impact Through Hosted and Partner Events,CONTEXT,—,external_event,GITEX Africa – Marrakech,2025,"which drew over 52,000 participants from 130+ countries",H,extracted,DQC-21,EXTERNAL event size
IND-439,GITEX Africa 2025 — countries (event total),external.gitex_africa.countries,130,at_least,country,integer,NOT SPECIFIED IN THE SOURCE DOCUMENT,119,Impact Through Hosted and Partner Events,CONTEXT,—,external_event,GITEX Africa – Marrakech,2025,from 130+ countries,H,extracted,DQC-21,
IND-440,JCI–AIESEC partnership renewal (years),partners.aiesec.renewal_years,5,exact,year,integer,NOT SPECIFIED IN THE SOURCE DOCUMENT,120,Impact Through Hosted and Partner Events,INPUT,—,global_network,GLOBAL,2025,renewal of the JCI–AIESEC strategic partnership for another five years,H,extracted,,
IND-441,14th World Chambers Congress — leaders convened (event total),external.wcc.leaders,1000,at_least,person,integer,NOT SPECIFIED IN THE SOURCE DOCUMENT,121,Impact Through Hosted and Partner Events,CONTEXT,—,external_event,14th World Chambers Congress – Melbourne,2025,"which convened over 1,000 leaders from 100 countries",H,extracted,DQC-21,
IND-442,14th World Chambers Congress — countries (event total),external.wcc.countries,100,exact,country,integer,NOT SPECIFIED IN THE SOURCE DOCUMENT,121,Impact Through Hosted and Partner Events,CONTEXT,—,external_event,14th World Chambers Congress – Melbourne,2025,from 100 countries,H,extracted,DQC-21,
IND-443,UN OHCHR Youth Rights Academy — advocates (event total),external.ohchr_academy.advocates,45,exact,person,integer,NOT SPECIFIED IN THE SOURCE DOCUMENT,121,Impact Through Hosted and Partner Events,CONTEXT,—,external_event,UNOHCHR Youth Rights Academy – Geneva,2025-07-07/2025-07-11,brought together 45 young human rights advocates,H,extracted,DQC-21,
IND-444,Global Youth Dialogue 2025 (24 September 2025) — registrants,event.gyd.registrants,1060,at_least,person,integer,NOT SPECIFIED IN THE SOURCE DOCUMENT,122,Global Youth Dialogue 2025,OUTPUT,—,event,Global Youth Dialogue 2025 (24 September 2025),2025-09-24,"1,060+ registrants",H,extracted,,
IND-445,Global Youth Dialogue 2025 (24 September 2025) — live attendees,event.gyd.live_attendees,662,exact,person,integer,NOT SPECIFIED IN THE SOURCE DOCUMENT,122,Global Youth Dialogue 2025,OUTPUT,—,event,Global Youth Dialogue 2025 (24 September 2025),2025-09-24,662 live attendees,H,extracted,DQC-14,
IND-446,Global Youth Dialogue 2025 (24 September 2025) — Facebook Live viewers,event.gyd.facebook_live_viewers,3600,at_least,viewer,integer,NOT SPECIFIED IN THE SOURCE DOCUMENT,122,Global Youth Dialogue 2025,OUTPUT,—,event,Global Youth Dialogue 2025 (24 September 2025),2025-09-24,"3,600+ Facebook Live viewers",H,extracted,,
IND-447,Global Youth Dialogue 2025 (24 September 2025) — chat messages,event.gyd.chat_messages,1300,at_least,message,integer,NOT SPECIFIED IN THE SOURCE DOCUMENT,122,Global Youth Dialogue 2025,OUTPUT,—,event,Global Youth Dialogue 2025 (24 September 2025),2025-09-24,"1,300+ chat messages",H,extracted,,
IND-448,Global Youth Dialogue 2025 (24 September 2025) — reactions,event.gyd.reactions,800,at_least,reaction,integer,NOT SPECIFIED IN THE SOURCE DOCUMENT,122,Global Youth Dialogue 2025,OUTPUT,—,event,Global Youth Dialogue 2025 (24 September 2025),2025-09-24,800+ reactions during the session,H,extracted,,
IND-449,Global Youth Dialogue 2025 (24 September 2025) — interpretation languages,event.gyd.interpretation_languages,4,,language,integer,NOT SPECIFIED IN THE SOURCE DOCUMENT,122,Global Youth Dialogue 2025,OUTPUT,—,event,Global Youth Dialogue 2025 (24 September 2025),2025-09-24,"Interpretation was provided in English, Spanish, French, and Japanese",H,calculated,,
IND-450,Global Youth Dialogue 2025 (24 September 2025) — JCI Members,event.gyd.members,679,exact,person,integer,NOT SPECIFIED IN THE SOURCE DOCUMENT,123,Global Youth Dialogue 2025,OUTPUT,—,event,Global Youth Dialogue 2025 (24 September 2025),2025-09-24,JCI Members 679 (79.6%),H,extracted,DQC-14,
IND-451,Global Youth Dialogue 2025 (24 September 2025) — JCI Members — share,event.gyd.members.share,0.796,exact,ratio,percentage,NOT SPECIFIED IN THE SOURCE DOCUMENT,123,Global Youth Dialogue 2025,OUTPUT,—,event,Global Youth Dialogue 2025 (24 September 2025),2025-09-24,JCI Members 679 (79.6%),H,extracted,DQC-14,
IND-452,Global Youth Dialogue 2025 (24 September 2025) — Non-Members,event.gyd.non_members,174,exact,person,integer,NOT SPECIFIED IN THE SOURCE DOCUMENT,123,Global Youth Dialogue 2025,OUTPUT,—,event,Global Youth Dialogue 2025 (24 September 2025),2025-09-24,Non-Members 174 (20.4%),H,extracted,DQC-14,
IND-453,Global Youth Dialogue 2025 (24 September 2025) — Non-Members — share,event.gyd.non_members.share,0.204,exact,ratio,percentage,NOT SPECIFIED IN THE SOURCE DOCUMENT,123,Global Youth Dialogue 2025,OUTPUT,—,event,Global Youth Dialogue 2025 (24 September 2025),2025-09-24,Non-Members 174 (20.4%),H,extracted,DQC-14,
IND-454,Gobal Youth Dialogue Attendees per Area,event.gyd.attendees_by_area,,,person,integer,NOT SPECIFIED IN THE SOURCE DOCUMENT,123,Global Youth Dialogue 2025,OUTPUT,—,geographic_area,Global Youth Dialogue 2025 (24 September 2025),2025-09-24,—,H,visual_data_not_extracted,VDX-09,
IND-455,Mastering Sustainable Leadership (SDG Academy) — participants reached,course.msl.participants,250,at_least,person,integer,NOT SPECIFIED IN THE SOURCE DOCUMENT,124,Initiatives Implemented Collaboratively with Partners,OUTPUT,—,event,4 Area Conferences,2025,the course reached over 250 participants,H,extracted,,
IND-456,Mastering Sustainable Leadership (SDG Academy) — JCI members introduced to the SDG Academy platform,course.msl.members_introduced,300,at_least,person,integer,NOT SPECIFIED IN THE SOURCE DOCUMENT,124,Initiatives Implemented Collaboratively with Partners,OUTPUT,—,event,4 Area Conferences,2025,introduced more than 300 JCI members to the SDG Academy's global learning platform,H,extracted,,
IND-457,Mastering Sustainable Leadership (SDG Academy) — Area Conferences piloted,course.msl.conferences,4,exact,event,integer,NOT SPECIFIED IN THE SOURCE DOCUMENT,124,Initiatives Implemented Collaboratively with Partners,ACTIVITY,—,event,4 Area Conferences,2025,Piloted across all four JCI Area Conferences,H,extracted,,
IND-458,SIXT — members who accessed services,partners.sixt.members,hundreds,exact,text_quantifier,text,NOT SPECIFIED IN THE SOURCE DOCUMENT,126,Member-Centric Partnerships,OUTPUT,—,global_network,GLOBAL,NOT SPECIFIED,hundreds of members have accessed SIXT services,L,extracted,,
IND-459,Quantic — JCI members enrolled,partners.quantic.enrolled,dozens,exact,text_quantifier,text,NOT SPECIFIED IN THE SOURCE DOCUMENT,126,Member-Centric Partnerships,OUTPUT,—,global_network,GLOBAL,NOT SPECIFIED,dozens of JCI members already enrolled,L,extracted,,
IND-460,JCI National and Local Organizations affiliated with ICC,partners.icc.affiliated,53,exact,organization,integer,NOT SPECIFIED IN THE SOURCE DOCUMENT,127,Member-Centric Partnerships,OUTPUT,—,global_network,GLOBAL,NOT SPECIFIED,53 JCI National and Local Organizations have successfully affiliated,M,extracted,,
IND-461,JCI National Organizations with formalized ICC collaborations,partners.icc.no_collaborations,11,exact,national_organization,integer,NOT SPECIFIED IN THE SOURCE DOCUMENT,127,Member-Centric Partnerships,OUTPUT,—,global_network,GLOBAL,NOT SPECIFIED,11 JCI National Organizations have formalized collaborations,H,extracted,,
IND-462,Zoho credit per member,partners.zoho.credit,100,exact,$ (currency not specified),currency,NOT SPECIFIED IN THE SOURCE DOCUMENT,127,Member-Centric Partnerships,INPUT,—,global_network,GLOBAL,NOT SPECIFIED,a $100 credit to use on Zoho services,M,extracted,,currency symbol '$' only; currency not specified
IND-463,WBAF training participants (all with certificates),partners.wbaf.training_participants,100,at_least,person,integer,NOT SPECIFIED IN THE SOURCE DOCUMENT,128,Partners' Engagements during JCI Events,OUTPUT,—,event,2025 JCI Asia and the Pacific Conference,2025,"The session attracted over 100 participants, all of whom received certificates of participation",H,extracted,,
IND-464,Partnerships Website — unique visitors,comm.partnerships_site.unique_visitors,6899,exact,visitor,integer,NOT SPECIFIED IN THE SOURCE DOCUMENT,129,Impact through Strategic Outreach and Member Engagement,OUTPUT,—,digital_channel,JCI Partnerships Website,past year,"6,899 unique visitors",H,extracted,,
IND-465,Partnerships Website — sessions,comm.partnerships_site.sessions,9164,exact,session,integer,NOT SPECIFIED IN THE SOURCE DOCUMENT,129,Impact through Strategic Outreach and Member Engagement,OUTPUT,—,digital_channel,JCI Partnerships Website,past year,"9,164 sessions",H,extracted,,
